0,1,613.9,B-,100,,,,
0,4,1.75E-22,,,,,,
0,6,,,,,,,
1,0,,,,,,,
1,1,,,,,,,
1,2,388781328,B-,100,,,,
1,3,,N,100,,,,
1,4,8.61E-23,2N,100,,,,
1,5,2.94E-22,,,,,,
1,6,5.07E-21,,,,,,
2,1,,,,,,,
2,2,,,,,,,
2,3,7.04E-22,N,,,,,
2,4,0.8067,B-,100,,,,
2,5,3.04E-21,N,,,,,
2,6,0.1191,B-,100,B-N,16,,
2,7,,N,100,,,,
2,8,1.52E-21,N,100,,,,
3,1,,P,100,,,,
3,2,3.71E-22,P,,,,,
3,3,,,,,,,
3,4,,,,,,,
3,5,0.8399,B-A,100,B-,100,,
3,6,0.1783,B-,100,B-N,50.8,,
3,7,,N,100,,,,
3,8,0.00875,B-,100,B-N,,,
3,9,,N,100,,,,
4,2,4.96E-21,A,100,2P,100,,
4,3,4598208,EC,100,,,,
4,4,8.19E-17,A,100,,,,
4,5,,,,,,,
4,6,4.77E+13,B-,100,,,,
4,7,13.76,B-,100,B-A,3.1,B-P,0.00083
4,8,0.02146,B-,100,B-N,0.5,,
4,9,2.70E-21,N,,,,,
4,10,0.00435,B-,100,B-N,81,B-2N,5
4,11,7.87E-22,N,100,,,,
4,12,5.70E-22,N,100,,,,
5,2,5.70E-22,P,100,,,,
5,3,0.77,EC+B+,100,B+A,100,,
5,4,8.45E-19,P,100,,,,
5,5,,,,,,,
5,6,,,,,,,
5,7,0.0202,B-,100,B-A,0.6,,
5,8,0.01733,B-,100,B-N,0.286,,
5,9,0.0125,B-,100,B-N,6.1,,
5,10,0.00993,B-,100,B-N,99.68,,
5,11,4.56E-21,N,100,,,,
5,12,0.00508,B-,100,B-N,63,B-2N,11
5,13,,N,100,,,,
5,14,0.00292,B-,100,B-N,71.8,B-2N,16
5,15,9.12E-22,N,100,,,,
5,16,7.60E-22,2N,100,,,,
6,2,3.51E-21,2P,100,,,,
6,3,0.1265,EC+B+,100,B+P,62,B+A,37.9
6,4,19.29,EC+B+,100,,,,
6,5,1221.84,EC+B+,100,,,,
6,6,,,,,,,
6,7,,,,,,,
6,8,1.80E+11,B-,100,,,,
6,9,2.449,B-,100,,,,
6,10,0.747,B-,100,B-N,99,,
6,11,0.193,B-,100,B-N,26,,
6,12,0.092,B-,100,B-N,31.5,,
6,13,0.0463,B-,100,B-N,47,B-2N,7
6,14,0.0163,B-,100,B-N,65,B-2N,18.6
6,16,0.0061,B-,100,B-N,61,B-2N,37
7,3,1.82E-22,P,100,,,,
7,4,5.50E-22,P,100,,,,
7,5,0.011,EC+B+,100,B+A,1.93,,
7,6,597.9,EC+B+,100,,,,
7,7,,,,,,,
7,8,,,,,,,
7,9,7.13,B-,100,B-A,0.0012,,
7,10,4.173,B-,100,B-N,95.1,B-A,0.0025
7,11,0.619,B-,100,B-A,12.2,B-N,12
7,12,0.336,B-,100,B-N,41.8,,
7,13,0.1344,B-,100,B-N,42.9,,
7,14,0.084,B-,100,B-N,86,,
7,15,0.023,B-,100,B-N,34,B-2N,12
7,16,0.0141,B-,100,B-N,42,B-2N,8
7,17,0.000000052,N,,,,,
8,3,3.51E-22,2P,100,,,,
8,4,6.34E-21,2P,100,,,,
8,5,0.00858,B+P,100,EC+B+,100,,
8,6,70.606,EC+B+,100,,,,
8,7,122.24,EC+B+,100,,,,
8,8,,,,,,,
8,9,,,,,,,
8,10,,,,,,,
8,11,26.88,B-,100,,,,
8,12,13.51,B-,100,,,,
8,13,3.42,B-,100,,,,
8,14,2.25,B-,100,B-N,22,,
8,15,0.097,B-,100,B-N,7,,
8,16,0.072,B-,100,B-N,42,,
8,17,,N,100,,,,
8,18,4.50E-12,2N,100,,,,
9,4,4.52E-22,,,,,,
9,5,5.01E-22,,,,,,
9,6,6.91E-22,P,100,,,,
9,7,1.14E-20,P,100,,,,
9,8,64.49,EC+B+,100,,,,
9,9,6586.2,EC+B+,100,,,,
9,10,,,,,,,
9,11,11.07,B-,100,,,,
9,12,4.158,B-,100,,,,
9,13,4.23,B-,100,B-N,11,,
9,14,2.23,B-,100,B-N,14,,
9,15,0.382,B-,100,B-N,5.9,,
9,16,0.08,B-,100,B-N,23.1,,
9,17,0.0082,B-,100,B-N,13.5,,
9,18,0.005,B-,100,B-N,77,,
9,19,4.60E-20,N,100,,,,
9,20,0.0025,B-,100,B-N,100,,
9,21,,N,,,,,
9,22,,B-,100,B-2N,,B-7N,
10,5,7.73E-22,2P,100,,,,
10,6,5.70E-21,2P,100,,,,
10,7,0.1092,EC+B+,100,ECP,95.2,ECA,2.77
10,8,1.672,EC+B+,100,,,,
10,9,17.22,EC+B+,100,,,,
10,10,,,,,,,
10,11,,,,,,,
10,12,,,,,,,
10,13,37.25,B-,100,,,,
10,14,202.8,B-,100,,,,
10,15,0.602,B-,100,,,,
10,16,0.197,B-,100,B-N,0.13,,
10,17,0.0315,B-,100,B-N,2,,
10,18,0.02,B-,100,B-N,12,B-2N,3.7
10,19,0.015,B-,100,B-N,28,B-2N,4
10,20,0.0073,B-,100,B-N,13,B-2N,8.9
10,21,0.0034,B-,100,B-2N,,B-3N,
10,22,0.0035,B-,100,B-N,,,
10,23,0.00000018,N,,,,,
10,24,0.00000006,B-,,B-N,,B-2N,
11,6,,,,,,,
11,7,2.28E-21,P,100,,,,
11,8,1.14E-20,P,100,,,,
11,9,0.4479,EC,100,ECA,20.05,,
11,10,22.49,EC+B+,100,,,,
11,11,82104810,EC+B+,100,,,,
11,12,,,,,,,
11,13,53841.6,B-,100,,,,
11,14,59.1,B-,100,,,,
11,15,1.07128,B-,100,,,,
11,16,0.301,B-,100,B-N,0.13,,
11,17,0.0305,B-,100,B-N,0.58,,
11,18,0.0441,B-,100,B-N,21.5,,
11,19,0.048,B-,100,B-N,30,B-2N,1.15
11,20,0.017,B-,100,B-N,39,B-2N,0.7
11,21,0.0132,B-,100,B-N,24,B-2N,8.3
11,22,0.008,B-,100,B-N,47,B-2N,13
11,23,0.0055,B-,100,B-2N,50,B-N,15
11,24,0.0018,B-,100,B-N,0,B-5N,
11,25,0.00000018,N,,,,,
11,26,0.00000006,B-,,B-N,,,
12,6,3.80E-21,2P,100,,,,
12,7,4.00E-12,2P,100,,,,
12,8,0.0904,B+,100,B+P,30.3,,
12,9,0.122,EC+B+,100,B+P,32.6,B+A,0.5
12,10,3.8755,EC+B+,100,,,,
12,11,11.3046,EC+B+,100,,,,
12,12,,,,,,,
12,13,,,,,,,
12,14,,,,,,,
12,15,567.48,B-,100,,,,
12,16,75294,B-,100,,,,
12,17,1.3,B-,100,,,,
12,18,0.335,B-,100,,,,
12,19,0.27,B-,100,B-N,6.2,,
12,20,0.086,B-,100,B-N,5.5,,
12,21,0.0905,B-,100,B-N,14,,
12,22,0.02,B-,100,B-N,,,
12,23,0.0113,B-,100,B-N,52,B-3N,
12,24,0.0076,B-,100,B-N,,,
12,25,0.008,N,,B-N,,B-,
12,26,,B-,100,B-N,,B-2N,
12,27,0.00000018,N,,,,,
12,28,,B-,100,B-7N,,B-6N,
13,8,0.000000035,P,,,,,
13,9,0.0911,EC+B+,100,B+P,55,B+2P,1.1
13,10,0.446,EC+B+,100,ECP,1.04,,
13,11,2.053,EC+B+,100,ECA,0.035,ECP,0.0016
13,12,7.183,EC+B+,100,,,,
13,13,2.26E+13,EC+B+,100,,,,
13,14,,,,,,,
13,15,134.7,B-,100,,,,
13,16,393.6,B-,100,,,,
13,17,3.62,B-,100,,,,
13,18,0.644,B-,100,B-N,1.6,,
13,19,0.033,B-,100,B-N,0.7,,
13,20,0.0417,B-,100,B-N,8.5,,
13,21,0.0563,B-,100,B-N,26,,
13,22,0.0383,B-,100,B-N,38,B-2N,0
13,23,0.09,B-,100,B-N,31,,
13,24,0.0107,B-,100,B-N,,,
13,25,0.009,B-N,,B-2N,,B-,
13,26,0.0076,B-,100,B-2N,,B-N,
13,27,0.00000026,B-,100,B-2N,,B-N,
13,28,,B-,100,B-N,,,
13,29,0.00000017,B-,,B-N,,B-2N,
13,30,0.00000017,B-,,B-N,,B-2N,
14,8,0.029,EC+B+,100,B+P,32,,
14,9,0.0423,EC+B+,100,ECP,88,EC2P,3.6
14,10,0.1413,EC+B+,100,ECP,32.4,,
14,11,0.22,EC+B+,100,B+P,35,,
14,12,2.2453,EC+B+,100,,,,
14,13,4.15,EC+B+,100,,,,
14,14,,,,,,,
14,15,,,,,,,
14,16,,,,,,,
14,17,9434.4,B-,100,,,,
14,18,4954437378,B-,100,,,,
14,19,6.11,B-,100,,,,
14,20,2.77,B-,100,,,,
14,21,0.78,B-,100,B-N,5,,
14,22,0.45,B-,100,B-N,10,,
14,23,0.09,B-,100,B-N,17,B-2N,
14,24,0.063,B-,100,B-N,25,,
14,25,0.0475,B-,100,B-2N,,B-N,
14,26,0.033,B-,100,B-2N,,B-N,
14,27,0.02,B-,100,B-N,0,,
14,28,0.0125,B-,100,B-N,,B-2N,
14,29,0.00000006,B-,,B-N,,B-2N,
14,30,0.00000036,B-,100,B-N,,,
15,10,0.00000003,P,100,,,,
15,11,0.0437,EC+B+,100,ECP,36.8,EC2P,2.16
15,12,0.26,EC+B+,100,B+P,0.07,,
15,13,0.2703,EC+B+,100,ECP,0.0013,ECA,0.00086
15,14,4.142,EC+B+,100,,,,
15,15,149.88,EC+B+,100,,,,
15,16,,,,,,,
15,17,1232755.2,B-,100,,,,
15,18,2190240,B-,100,,,,
15,19,12.43,B-,100,,,,
15,20,47.3,B-,100,,,,
15,21,5.6,B-,100,,,,
15,22,2.31,B-,100,,,,
15,23,0.64,B-,100,B-N,12,,
15,24,0.28,B-,100,B-N,26,,
15,25,0.15,B-,100,B-N,15.8,B-2N,
15,26,0.101,B-,100,B-N,30,,
15,27,0.0485,B-,100,B-N,50,B-2N,
15,28,0.0365,B-,100,B-N,100,B-2N,
15,29,0.0185,B-,,B-N,,,
15,30,0.0000002,B-,,,,,
15,31,,B-,100,,,,
16,10,0.000000079,P,,,,,
16,11,0.0155,EC+B+,100,B+P,2.3,B+2P,1.1
16,12,0.125,EC+B+,100,ECP,20.7,,
16,13,0.188,EC+B+,100,ECP,47,,
16,14,1.178,EC+B+,100,,,,
16,15,2.5534,EC+B+,100,,,,
16,16,,,,,,,
16,17,,,,,,,
16,18,,,,,,,
16,19,7548768,B-,100,,,,
16,20,,,,,,,
16,21,303,B-,100,,,,
16,22,10218,B-,100,,,,
16,23,11.5,B-,100,,,,
16,24,8.8,B-,100,,,,
16,25,1.99,B-,100,B-N,,,
16,26,1.016,B-,100,B-N,4,,
16,27,0.265,B-,100,B-N,40,,
16,28,0.1,B-,100,B-N,18,,
16,29,0.068,B-,100,B-N,54,,
16,30,0.05,B-,100,,,,
16,32,,B-,,,,,
17,12,0.00000002,P,100,,,,
17,13,0.00000003,P,,,,,
17,14,0.19,EC+B+,100,ECP,2.4,,
17,15,0.298,EC+B+,100,ECA,0.054,ECP,0.026
17,16,2.511,EC+B+,100,,,,
17,17,1.5266,EC+B+,100,,,,
17,18,,,,,,,
17,19,9.51E+12,B-,98.1,EC+B+,1.9,,
17,20,,,,,,,
17,21,2233.8,B-,100,,,,
17,22,3372,B-,100,,,,
17,23,81,B-,100,,,,
17,24,38.4,B-,100,,,,
17,25,6.8,B-,100,,,,
17,26,3.13,B-,100,,,,
17,27,0.56,B-,100,B-N,8,,
17,28,0.413,B-,100,B-N,24,,
17,29,0.232,B-,100,B-N,60,,
17,30,0.101,B-,100,B-N,3,,
17,31,,B-,,,,,
17,32,0.00000017,B-,,,,,
17,33,,B-,100,B-N,,B-2N,
17,34,,B-,100,,,,
17,35,,B-,100,B-6N,,B-5N,
18,12,1.00E-11,2P,100,,,,
18,13,0.015,EC+B+,100,B+P,68.3,B+2P,8.9
18,14,0.098,EC+B+,100,ECP,35.58,,
18,15,0.173,EC+B+,100,ECP,38.7,,
18,16,0.8438,EC+B+,100,,,,
18,17,1.7756,EC+B+,100,,,,
18,18,,,,,,,
18,19,3024950.4,EC,100,,,,
18,20,,,,,,,
18,21,8457256161,B-,100,,,,
18,22,,,,,,,
18,23,6576.6,B-,100,,,,
18,24,1038222865,B-,100,,,,
18,25,322.2,B-,100,,,,
18,26,712.2,B-,100,,,,
18,27,21.48,B-,100,,,,
18,28,8.4,B-,100,,,,
18,29,1.23,B-,100,B-N,0.2,,
18,30,0.416,B-,100,B-N,38,,
18,31,0.17,B-,100,B-N,65,,
18,32,0.106,B-,100,B-N,37,B-2N,
18,33,,B-,100,,,,
18,34,,B-,100,B-2N,,B-3N,
18,35,0.00000062,B-2N,,B-N,,B-,
19,12,1.00E-11,P,100,,,,
19,14,0.000000025,P,,,,,
19,15,0.000000025,P,,,,,
19,16,0.178,EC+B+,100,ECP,0.37,,
19,17,0.341,EC+B+,100,ECP,0.048,ECA,0.0034
19,18,1.225,EC+B+,100,,,,
19,19,459.06,EC+B+,100,,,,
19,20,,,,,,,
19,21,3.94E+16,B-,89.28,EC+B+,10.72,,
19,22,,,,,,,
19,23,44478,B-,100,,,,
19,24,80280,B-,100,,,,
19,25,1327.8,B-,100,,,,
19,26,1068.6,B-,100,,,,
19,27,105,B-,100,,,,
19,28,17.5,B-,100,,,,
19,29,6.8,B-,100,B-N,1.14,,
19,30,1.26,B-,100,B-N,86,,
19,31,0.472,B-,100,B-N,29,B-2N,
19,32,0.365,B-,100,B-N,65,,
19,33,0.11,B-,100,B-N,74,B-2N,2.3
19,34,0.03,B-,100,B-N,67,B-2N,17
19,35,0.01,B-,100,B-2N,,B-N,
19,36,,B-,100,B-N,,B-4N,
19,37,,B-,100,B-N,,B-2N,
20,14,0.000000035,P,,2P,,,
20,15,0.0257,EC+B+,100,ECP,95.9,EC2P,4.1
20,16,0.1012,EC+B+,100,ECP,51.2,,
20,17,0.1811,EC+B+,100,ECP,82.1,,
20,18,0.44376,EC+B+,100,,,,
20,19,0.8603,EC+B+,100,,,,
20,20,,,,,,,
20,21,3.14E+12,EC,100,,,,
20,22,,,,,,,
20,23,,,,,,,
20,24,,,,,,,
20,25,14049504,B-,100,,,,
20,26,,,,,,,
20,27,391910.4,B-,100,,,,
20,28,9.15E+26,2B-,78,2B-,74,B-,22
20,29,523.08,B-,100,,,,
20,30,13.45,B-,100,,,,
20,31,10,B-,100,B-N,,,
20,32,4.6,B-,100,B-N,,,
20,33,0.461,B-,100,B-N,40,,
20,34,0.107,B-,100,B-2N,,B-N,
20,35,0.022,B-,100,B-2N,,B-N,
20,36,0.011,B-,100,B-N,,B-3N,
20,37,0.00000062,B-2N,,B-N,,B-,
20,38,0.00000062,B-N,,B-,,,
21,17,,P,,,,,
21,18,0.0000003,P,100,,,,
21,19,0.1823,EC+B+,100,ECP,0.44,ECA,0.017
21,20,0.5963,EC+B+,100,,,,
21,21,0.68079,EC+B+,100,,,,
21,22,14007.6,EC+B+,100,,,,
21,23,14292,EC+B+,100,,,,
21,24,,,,,,,
21,25,7239456,B-,100,,,,
21,26,289370.88,B-,100,,,,
21,27,157356,B-,100,,,,
21,28,3430.8,B-,100,,,,
21,29,102.5,B-,100,,,,
21,30,12.4,B-,100,B-N,,,
21,31,8.2,B-,100,,,,
21,32,2.6,B-,100,B-N,,,
21,33,0.526,B-,100,B-N,16,,
21,34,0.096,B-,100,B-N,17,,
21,35,0.026,B-,100,B-N,,B-2N,
21,36,0.013,B-,100,B-2N,,B-N,
21,37,0.012,B-,100,B-N,,,
21,38,,B-,100,B-N,,,
21,40,,B-,100,B-4N,,B-N,
22,16,0.00000012,2P,,,,,
22,17,0.0285,EC+B+,100,ECP,93.7,EC2P,14
22,18,0.0524,ECP,100,EC+B+,100,,
22,19,0.0819,EC+B+,100,ECP,100,,
22,20,0.20865,EC+B+,100,,,,
22,21,0.509,EC+B+,100,ECP,,,
22,22,1865014325,EC,100,,,,
22,23,11088,EC+B+,100,,,,
22,24,,,,,,,
22,25,,,,,,,
22,26,,,,,,,
22,27,,,,,,,
22,28,,,,,,,
22,29,345.6,B-,100,,,,
22,30,102,B-,100,,,,
22,31,32.7,B-,100,,,,
22,32,2.1,B-,100,,,,
22,33,1.3,B-,100,,,,
22,34,0.2,B-,100,B-N,,,
22,35,0.098,B-,100,B-N,,,
22,36,0.058,B-,100,B-N,,,
22,37,0.0285,B-,100,,,,
22,38,0.022,B-,100,B-N,,B-2N,
22,39,0.015,B-,100,B-2N,,B-N,
22,40,0.00000062,B-,,B-N,,,
22,41,0.00000036,B-N,,B-,,,
22,42,,B-,100,B-N,,B-2N,
23,19,0.000000055,P,,,,,
23,20,0.0793,EC+B+,100,ECP,,,
23,21,0.111,EC+B+,100,ECA,,,
23,22,0.547,EC+B+,100,,,,
23,23,0.4225,EC+B+,100,,,,
23,24,1956,EC+B+,100,,,,
23,25,1380153.6,EC+B+,100,,,,
23,26,28512000,EC,100,,,,
23,27,8.36E+24,EC+B+,99.3,B-,0.7,,
23,28,,,,,,,
23,29,224.58,B-,100,,,,
23,30,92.58,B-,100,,,,
23,31,49.8,B-,100,,,,
23,32,6.54,B-,100,,,,
23,33,0.216,B-,100,B-N,,,
23,34,0.32,B-,100,B-N,,,
23,35,0.191,B-,100,B-N,,,
23,36,0.097,B-,100,B-N,0.03,,
23,37,0.122,B-,100,B-2N,,B-N,
23,38,0.0483,B-,100,B-N,10,B-2N,
23,39,0.0336,B-,100,B-N,,,
23,40,0.017,B-,100,B-N,35,,
23,41,0.015,B-,100,B-N,,B-3N,
23,42,0.00000036,B-,100,B-N,,,
23,43,0.00000036,B-,,B-N,,,
23,44,0.00000062,B-,,B-N,,B-2N,
24,18,0.0133,EC+B+,100,ECP,94.4,,
24,19,0.0212,EC+B+,100,ECP,79.3,EC2P,11.6
24,20,0.0428,EC+B+,100,ECP,7,,
24,21,0.0609,B+,100,B+P,34.4,,
24,22,0.26,EC+B+,100,,,,
24,23,0.5,EC+B+,100,,,,
24,24,77616,EC+B+,100,,,,
24,25,2538,EC+B+,100,,,,
24,26,4.10E+25,2EC,,,,,
24,27,2393625.6,EC,100,,,,
24,28,,,,,,,
24,29,,,,,,,
24,30,,,,,,,
24,31,209.82,B-,100,,,,
24,32,356.4,B-,100,,,,
24,33,21.1,B-,100,,,,
24,34,7,B-,100,,,,
24,35,0.74,B-,100,,,,
24,36,0.49,B-,100,B-N,,,
24,37,0.234,B-,100,B-N,,,
24,38,0.206,B-,100,B-N,,,
24,39,0.129,B-,100,B-N,,,
24,40,0.0429,B-,100,B-N,,,
24,41,0.027,B-,100,,,,
24,42,0.024,B-,100,,,,
24,43,,,,,,,
24,44,0.00000036,B-,100,B-N,0,,
24,45,0.00000062,B-,,B-N,,B-2N,
24,46,0.00000062,B-,,B-N,,B-2N,
25,19,0.000000105,EC,,P,,,
25,20,,,,,,,
25,21,0.0362,EC+B+,100,ECP,57,,
25,22,0.1,EC+B+,100,ECP,3.4,,
25,23,0.1577,EC+B+,100,B+P,0.28,B+A,0.0006
25,24,0.382,EC+B+,100,,,,
25,25,0.28319,EC+B+,100,,,,
25,26,2772,EC+B+,100,,,,
25,27,483062.4,EC+B+,100,,,,
25,28,1.17E+14,EC,100,,,,
25,29,26974080,EC+B+,100,B-,0.000093,,
25,30,,,,,,,
25,31,9284.04,B-,100,,,,
25,32,85.4,B-,100,,,,
25,33,3,B-,100,,,,
25,34,4.59,B-,100,,,,
25,35,0.28,B-,100,IT,100,,
25,36,0.709,B-,100,B-N,0.2,,
25,37,0.092,B-,100,B-N,,,
25,38,0.275,B-,100,B-N,,,
25,39,0.09,B-,100,B-N,2.7,,
25,40,0.092,B-,100,B-N,7.9,,
25,41,0.065,B-,100,,,,
25,42,0.047,B-,100,B-N,,,
25,43,0.028,B-,100,B-N,0,,
25,44,0.016,B-,100,,,,
25,45,0.0199,B-,100,B-N,50,,
25,47,0.00000062,B-,,B-N,,B-2N,
25,48,,B-,100,B-N,,B-2N,
26,19,0.00189,2P,57,EC+B+,43,B+P,43
26,20,0.013,EC+B+,100,ECP,78.7,,
26,21,0.0218,EC+B+,100,ECP,0,EC2P,
26,22,0.0455,EC+B+,100,ECP,15.3,,
26,23,0.0647,EC+B+,100,B+P,56.7,,
26,24,0.152,EC+B+,100,ECP,0,,
26,25,0.305,EC+B+,100,,,,
26,26,29790,EC+B+,100,,,,
26,27,510.6,EC+B+,100,,,,
26,28,,,,,,,
26,29,86592204.87,EC,100,,,,
26,30,,,,,,,
26,31,,,,,,,
26,32,,,,,,,
26,33,3843936,B-,100,,,,
26,34,8.27E+13,B-,100,,,,
26,35,358.8,B-,100,,,,
26,36,68,B-,100,,,,
26,37,6.1,B-,100,,,,
26,38,2,B-,100,,,,
26,39,0.81,B-,100,,,,
26,40,0.44,B-,100,,,,
26,41,0.6,B-,100,,,,
26,42,0.188,B-,100,B-N,0,,
26,43,0.11,B-,100,,,,
26,44,0.065,B-,100,B-N,,,
26,45,0.0357,B-,100,B-2N,,B-N,
26,46,0.00000015,B-,100,B-N,27.6,,
26,47,0.0129,B-,100,B-N,,B-2N,
26,48,0.0082,B-2N,,B-N,,B-,
26,49,0.00000062,B-,,B-N,,B-2N,
26,50,,B-,100,B-2N,,B-3N,
27,21,,P,,,,,
27,23,0.0388,EC+B+,100,ECP,70.5,EC2P,
27,24,0.0688,EC+B+,100,ECP,3.8,,
27,25,0.104,EC+B+,100,B+P,,,
27,26,0.24,EC+B+,100,,,,
27,27,0.19328,EC+B+,100,,,,
27,28,63108,EC+B+,100,,,,
27,29,6673190.4,EC+B+,100,,,,
27,30,23478336,EC,100,,,,
27,31,6122304,EC+B+,100,,,,
27,32,,,,,,,
27,33,166344192,B-,100,,,,
27,34,5936.4,B-,100,,,,
27,35,92.4,B-,100,,,,
27,36,27.4,B-,100,,,,
27,37,0.3,B-,100,,,,
27,38,1.16,B-,100,,,,
27,39,0.2,B-,100,,,,
27,40,0.425,B-,100,,,,
27,41,0.2,B-,100,,,,
27,42,0.227,B-,100,,,,
27,43,0.112,B-,100,B-N,,,
27,44,0.08,B-,100,B-N,16,,
27,45,0.0599,B-,100,B-N,6,,
27,46,0.0407,B-,100,B-N,22,B-2N,
27,47,0.0313,B-,100,B-N,18,B-2N,
27,48,0.03,B-,100,B-N,16,B-2N,
27,49,0.0217,B-,100,B-2N,,B-N,
27,50,0.013,B-,100,B-N,,B-2N,
27,51,,B-,100,B-4N,,B-3N,
28,20,0.0021,2P,70,B+P,30,,
28,21,0.0075,EC+B+,100,B+P,83,,
28,22,0.0185,EC+B+,100,ECP,73,EC2P,14
28,23,0.0238,EC+B+,100,ECP,87.2,EC2P,0.5
28,24,0.0408,EC+B+,100,B+P,31.4,,
28,25,0.0552,EC+B+,100,ECP,23.4,,
28,26,0.1142,EC+B+,100,,,,
28,27,0.2037,EC+B+,100,,,,
28,28,524880,EC+B+,100,,,,
28,29,128160,EC+B+,100,,,,
28,30,,,,,,,
28,31,2.40E+12,EC+B+,100,,,,
28,32,,,,,,,
28,33,,,,,,,
28,34,,,,,,,
28,35,3193560909,B-,100,,,,
28,36,,,,,,,
28,37,9063,B-,100,,,,
28,38,196560,B-,100,,,,
28,39,21,B-,100,,,,
28,40,29,B-,100,,,,
28,41,11.4,B-,100,B-N,,,
28,42,6,B-,100,,,,
28,43,2.56,B-,100,,,,
28,44,1.57,B-,100,,,,
28,45,0.84,B-,100,B-N,,,
28,46,0.5077,B-,100,B-N,,,
28,47,0.344,B-,100,B-N,10,,
28,48,0.238,B-,100,B-N,,,
28,49,0.1589,B-,100,B-N,26,B-2N,
28,50,0.11,B-,100,B-N,,,
28,51,0.043,B-,100,B-N,,B-2N,
28,52,0.024,B-,100,B-N,,B-2N,
28,53,,B-,100,B-N,,B-2N,
28,54,,,,,,,
29,24,0.00000013,P,,,,,
29,25,0.000000075,P,,,,,
29,26,0.0559,EC+B+,100,ECP,,,
29,27,0.0804,EC+B+,100,ECP,0.4,,
29,28,0.1963,EC+B+,100,,,,
29,29,3.204,EC+B+,100,,,,
29,30,81.5,EC+B+,100,,,,
29,31,1422,EC+B+,100,,,,
29,32,12020.4,EC+B+,100,,,,
29,33,580.2,EC+B+,100,,,,
29,34,,,,,,,
29,35,45722.16,EC+B+,61.5,B-,38.5,,
29,36,,,,,,,
29,37,307.2,B-,100,,,,
29,38,222588,B-,100,,,,
29,39,30.9,B-,100,,,,
29,40,171,B-,100,,,,
29,41,44.5,B-,100,,,,
29,42,19.4,B-,100,,,,
29,43,6.63,B-,100,,,,
29,44,4.2,B-,100,B-N,,,
29,45,1.63,B-,100,B-N,0,,
29,46,1.224,B-,100,B-N,3.5,,
29,47,0.641,B-,100,B-N,3,,
29,48,0.4698,B-,100,B-N,30.1,,
29,49,0.335,B-,100,B-N,65,,
29,50,0.241,B-,100,B-N,66,B-2N,
29,51,0.1136,B-,100,B-2N,,B-N,
29,52,0.0732,B-,100,B-2N,,B-N,
29,53,0.033,B-,100,B-2N,,B-N,
29,54,,B-,100,B-N,,B-2N,
30,24,0.00159,2P,92,,,,
30,25,0.0198,EC+B+,100,ECP,91,,
30,26,0.0324,EC+B+,100,ECP,88,,
30,27,0.04,EC+B+,100,B+P,65,,
30,28,0.0867,EC+B+,100,ECP,3,,
30,29,0.1786,EC+B+,100,ECP,0.1,,
30,30,142.8,EC+B+,100,,,,
30,31,89.1,EC+B+,100,,,,
30,32,33094.8,EC+B+,100,,,,
30,33,2308.2,EC+B+,100,,,,
30,34,,,,,,,
30,35,21075552,EC+B+,100,,,,
30,36,,,,,,,
30,37,,,,,,,
30,38,,,,,,,
30,39,3384,B-,100,,,,
30,40,1.20E+26,2B-,100,2B-,,,
30,41,145.2,B-,100,,,,
30,42,167400,B-,100,,,,
30,43,24.5,B-,100,,,,
30,44,95.6,B-,100,,,,
30,45,10.2,B-,100,,,,
30,46,5.7,B-,100,,,,
30,47,2.08,B-,100,,,,
30,48,1.47,B-,100,,,,
30,49,0.746,B-,100,B-N,1.7,,
30,50,0.5619,B-,100,B-N,1,,
30,51,0.32,B-,100,B-N,7.5,,
30,52,0.166,B-,100,B-N,69,,
30,53,0.117,B-,100,B-N,,,
30,54,0.0536,B-,100,B-N,73,B-3N,
30,55,0.000000637,B-2N,,B-N,,B-,
31,28,0.000000043,P,,,,,
31,29,0.07,EC+B+,100,B+P,1.6,B+A,0.023
31,30,0.167,EC+B+,100,ECP,0.25,,
31,31,0.116121,EC+B+,100,ECP,,,
31,32,32.4,EC+B+,100,,,,
31,33,157.62,EC+B+,100,,,,
31,34,912,EC+B+,100,,,,
31,35,34164,EC+B+,100,,,,
31,36,281810.88,EC,100,,,,
31,37,4062.6,EC+B+,100,,,,
31,38,,,,,,,
31,39,1268.4,B-,99.59,EC,0.41,,
31,40,,,,,,,
31,41,50760,B-,100,,,,
31,42,17496,B-,100,,,,
31,43,487.2,B-,100,,,,
31,44,126,B-,100,,,,
31,45,32.6,B-,100,,,,
31,46,13.2,B-,100,,,,
31,47,5.09,B-,100,,,,
31,48,2.848,B-,100,B-N,0.089,,
31,49,1.9,B-,100,B-N,0.86,,
31,50,1.217,B-,100,B-N,11.9,,
31,51,0.6,B-,100,B-N,22.2,,
31,52,0.3081,B-,100,B-N,62.8,,
31,53,0.0952,B-,100,B-N,46,B-2N,1.6
31,54,0.092,B-,100,B-N,35,,
31,55,0.043,B-,100,B-N,60,B-2N,20
31,56,0.000000634,B-,100,B-N,,B-2N,
32,27,0.0133,2P,0.2,EC+B+,,,
32,28,0.00000011,EC+B+,,ECP,,,
32,29,0.044,EC+B+,100,ECP,62,,
32,30,0.129,EC+B+,100,ECP,,,
32,31,0.15,EC+B+,100,,,,
32,32,63.7,EC+B+,100,ECP,,,
32,33,30.9,EC+B+,100,ECP,0.011,,
32,34,8136,EC+B+,100,,,,
32,35,1134,EC+B+,100,,,,
32,36,23408352,EC,100,,,,
32,37,140580,EC+B+,100,,,,
32,38,,,,,,,
32,39,987552,EC,100,,,,
32,40,,,,,,,
32,41,,,,,,,
32,42,,,,,,,
32,43,4966.8,B-,100,,,,
32,44,,,,,,,
32,45,40359.6,B-,100,,,,
32,46,5280,B-,100,,,,
32,47,18.98,B-,100,,,,
32,48,29.5,B-,100,,,,
32,49,7.6,B-,100,,,,
32,50,4,B-,100,,,,
32,51,1.85,B-,100,B-N,,,
32,52,0.954,B-,100,B-N,10.2,,
32,53,0.503,B-,100,B-N,16.5,B-2N,
32,54,0.226,B-,100,B-N,45,,
32,55,0.14,B-,100,B-N,,,
32,56,0.0000003,B-,,B-N,,,
32,57,,B-,100,B-N,,B-2N,
32,58,,B-,100,B-2N,,B-N,
33,30,0.000000043,P,,,,,
33,31,0.069,EC+B+,100,ECP,,,
33,32,0.128,EC+B+,100,,,,
33,33,0.09577,EC+B+,100,,,,
33,34,42.5,EC+B+,100,,,,
33,35,151.6,EC+B+,100,,,,
33,36,912,EC+B+,100,,,,
33,37,3156,EC+B+,100,,,,
33,38,235080,EC+B+,100,,,,
33,39,93600,EC+B+,100,,,,
33,40,6937920,EC,100,,,,
33,41,1535328,EC+B+,66,B-,34,,
33,42,,,,,,,
33,43,94464,B-,100,,,,
33,44,139644,B-,100,,,,
33,45,5442,B-,100,,,,
33,46,540.6,B-,100,,,,
33,47,15.2,B-,100,,,,
33,48,33.3,B-,100,,,,
33,49,19.1,B-,100,,,,
33,50,13.4,B-,100,,,,
33,51,4.2,B-,100,B-N,0.18,,
33,52,2.021,B-,100,B-N,62.9,,
33,53,0.945,B-,100,B-N,35.5,B-2N,
33,54,0.484,B-,100,B-N,15.4,,
33,55,0.2,B-,100,B-N,,,
33,56,,B-,100,B-N,,B-2N,
33,57,,B-,100,B-N,,,
33,58,,B-,100,B-N,,,
33,59,,B-,100,,,,
34,29,0.0132,EC+B+,100,ECP,89,2P,0.5
34,30,,EC+B+,100,ECP,,,
34,31,0.033,EC+B+,100,ECP,100,,
34,32,0.042,EC,100,,,,
34,33,0.133,EC+B+,100,ECP,0.5,,
34,34,35.5,EC+B+,100,,,,
34,35,27.4,EC+B+,100,ECP,0.052,,
34,36,2466,EC+B+,100,,,,
34,37,284.4,EC+B+,100,,,,
34,38,725760,EC,100,,,,
34,39,25740,EC+B+,100,,,,
34,40,,,,,,,
34,41,10348992,EC,100,,,,
34,42,,,,,,,
34,43,,,,,,,
34,44,,,,,,,
34,45,1.03E+13,B-,100,,,,
34,46,,2B-,,,,,
34,47,1107,B-,100,,,,
34,48,3.03E+27,2B-,100,,,,
34,49,1338,B-,100,,,,
34,50,195.6,B-,100,,,,
34,51,32.9,B-,100,,,,
34,52,14.3,B-,100,,,,
34,53,5.5,B-,100,B-N,0.36,,
34,54,1.53,B-,100,B-N,0.99,,
34,55,0.43,B-,100,B-N,7.8,,
34,56,0.195,B-,100,B-N,,,
34,57,0.27,B-,100,B-N,21,,
34,58,,B-,100,,,,
34,59,,B-,100,,,,
34,60,0.00000015,B-,100,,,,
34,61,0.000000392,B-,,B-N,,B-2N,
35,32,,P,,,,,
35,33,0.000000035,,,,,,
35,34,0.000000024,P,100,,,,
35,35,0.0791,EC+B+,100,,,,
35,36,21.4,EC+B+,100,,,,
35,37,78.6,EC+B+,100,,,,
35,38,204,EC+B+,100,,,,
35,39,1524,EC+B+,100,,,,
35,40,5802,EC+B+,100,,,,
35,41,58320,EC+B+,100,,,,
35,42,205344,EC+B+,100,,,,
35,43,387,EC+B+,99.99,B-,0.01,,
35,44,,,,,,,
35,45,1060.8,B-,91.7,EC+B+,8.3,,
35,46,,,,,,,
35,47,127015.2,B-,100,,,,
35,48,8546.4,B-,100,,,,
35,49,1905.6,B-,100,,,,
35,50,174,B-,100,,,,
35,51,55.1,B-,100,,,,
35,52,55.68,B-,100,B-N,2.6,,
35,53,16.34,B-,100,B-N,6.58,,
35,54,4.357,B-,100,B-N,13.7,,
35,55,1.91,B-,100,B-N,25.3,,
35,56,0.543,B-,100,B-N,19.5,,
35,57,0.314,B-,100,B-N,33.1,,
35,58,0.102,B-,100,B-N,68,,
35,59,0.07,B-,100,B-N,68,,
35,60,0.00000015,B-,100,B-N,34,,
35,61,0.00000015,B-,100,B-N,27.6,,
35,62,,B-,100,B-2N,,B-N,
35,63,,B-,100,B-2N,,B-3N,
35,66,,B-,100,B-2N,,B-3N,
36,31,0.0074,EC,63,EC+B+,63,2P,37
36,32,0.0216,EC+B+,100,ECP,89,,
36,33,0.028,EC+B+,100,B+P,99,,
36,34,0.04,EC+B+,100,ECP,1.3,,
36,35,0.0949,EC+B+,100,ECP,3.06,,
36,36,17.1,EC+B+,100,ECP,0.000001,,
36,37,27.3,EC+B+,100,ECP,0.25,,
36,38,690,EC+B+,100,,,,
36,39,276,EC+B+,100,,,,
36,40,53280,EC+B+,100,,,,
36,41,4275,EC+B+,100,,,,
36,42,,,,,,,
36,43,126144,EC+B+,100,,,,
36,44,,,,,,,
36,45,7.23E+12,EC,100,,,,
36,46,,,,,,,
36,47,,,,,,,
36,48,,,,,,,
36,49,338889828,B-,100,,,,
36,50,,,,,,,
36,51,4578,B-,100,,,,
36,52,10170,B-,100,,,,
36,53,189,B-,100,,,,
36,54,32.32,B-,100,,,,
36,55,8.57,B-,100,,,,
36,56,1.84,B-,100,B-N,0.0332,,
36,57,1.286,B-,100,B-N,1.95,,
36,58,0.212,B-,100,B-N,1.11,,
36,59,0.114,B-,100,B-N,2.87,,
36,60,0.08,B-,100,B-N,3.7,,
36,61,0.063,B-,100,B-N,6.7,,
36,62,0.043,B-,100,B-N,7,B-2N,
36,63,0.013,B-,100,B-N,11,,
36,64,0.007,B-,100,B-N,,B-2N,
36,65,0.000000635,B-,,B-N,,B-2N,
36,66,,B-,100,B-N,,B-2N,
37,35,0.000000103,P,,EC+B+,,,
37,36,0.000000081,P,,EC+B+,,,
37,37,0.064776,EC+B+,100,,,,
37,38,19,EC+B+,100,,,,
37,39,36.5,EC+B+,100,ECA,0.00000038,,
37,40,226.8,EC+B+,100,,,,
37,41,1059.6,EC+B+,100,,,,
37,42,1374,EC+B+,100,,,,
37,43,33.4,EC+B+,100,,,,
37,44,16459.2,EC+B+,100,,,,
37,45,75.45,EC+B+,100,,,,
37,46,7447680,EC,100,,,,
37,47,2835648,EC+B+,96.1,B-,3.9,,
37,48,,,,,,,
37,49,1610668.8,B-,99.9948,EC,0.0052,,
37,50,1.57E+18,B-,100,,,,
37,51,1066.38,B-,100,,,,
37,52,919.2,B-,100,,,,
37,53,158,B-,100,,,,
37,54,58.2,B-,100,,,,
37,55,4.48,B-,100,B-N,0.0107,,
37,56,5.84,B-,100,B-N,1.39,,
37,57,2.702,B-,100,B-N,10.5,,
37,58,0.3777,B-,100,B-N,8.7,,
37,59,0.203,B-,100,B-N,13.3,,
37,60,0.1691,B-,100,B-N,25.5,B-2N,
37,61,0.115,B-,100,B-N,14.3,B-2N,0.054
37,62,0.054,B-,100,B-N,19.8,B-2N,
37,63,0.052,B-,100,B-N,5.6,B-2N,0.15
37,64,0.032,B-,100,B-N,28,,
37,65,0.037,B-,100,B-N,18,,
37,66,0.023,B-,100,B-N,,B-2N,
37,67,,B-,100,B-N,,B-2N,
37,68,,B-,100,B-N,,B-2N,
37,69,,B-,100,B-3N,,B-2N,
38,35,0.025,EC+B+,100,ECP,,,
38,36,0.027,EC+B+,100,ECP,,,
38,37,0.088,EC+B+,100,ECP,5.2,,
38,38,7.89,EC+B+,100,ECP,0.000034,,
38,39,9,EC+B+,100,ECP,0.08,,
38,40,160,EC+B+,100,,,,
38,41,135,EC+B+,100,,,,
38,42,6378,EC+B+,100,,,,
38,43,1338,EC+B+,100,,,,
38,44,2190240,EC,100,,,,
38,45,116676,EC+B+,100,,,,
38,46,,,,,,,
38,47,5602953.6,EC,100,,,,
38,48,,,,,,,
38,49,,,,,,,
38,50,,,,,,,
38,51,4368643.2,B-,100,,,,
38,52,912310729.9,B-,100,,,,
38,53,34740,B-,100,,,,
38,54,9399.6,B-,100,,,,
38,55,445.8,B-,100,,,,
38,56,75.3,B-,100,,,,
38,57,23.9,B-,100,,,,
38,58,1.07,B-,100,,,,
38,59,0.429,B-,100,B-N,0.05,,
38,60,0.653,B-,100,B-N,0.23,,
38,61,0.269,B-,100,B-N,0.1,,
38,62,0.2,B-,100,B-N,1.11,,
38,63,0.118,B-,100,B-N,2.37,,
38,64,0.069,B-,100,B-N,5.5,,
38,65,0.053,B-,100,B-2N,,B-N,
38,66,0.053,B-,100,B-2N,,B-N,
38,67,0.039,B-,100,B-N,,B-2N,
38,68,0.02,B-,100,B-N,,B-2N,
38,69,0.000000395,B-,,B-N,,B-2N,
38,70,,B-,100,B-N,,B-2N,
39,37,0.0000002,P,,EC+B+,,,
39,38,0.057,EC+B+,100,ECP,,P,
39,39,0.053,EC+B+,100,ECP,,,
39,40,14.8,EC+B+,100,ECP,,,
39,41,30.1,EC+B+,100,ECP,,,
39,42,70.4,EC+B+,100,,,,
39,43,8.3,EC+B+,100,,,,
39,44,424.8,EC+B+,100,,,,
39,45,2370,EC+B+,100,,,,
39,46,9648,EC+B+,100,,,,
39,47,53064,EC+B+,100,,,,
39,48,287280,EC+B+,100,,,,
39,49,9212486.4,EC+B+,100,,,,
39,50,,,,,,,
39,51,230580,B-,100,,,,
39,52,5055264,B-,100,,,,
39,53,12744,B-,100,,,,
39,54,36648,B-,100,,,,
39,55,1122,B-,100,,,,
39,56,618,B-,100,,,,
39,57,5.34,B-,100,,,,
39,58,3.75,B-,100,B-N,0.055,,
39,59,0.548,B-,100,B-N,0.33,,
39,60,1.484,B-,100,B-N,1.77,,
39,61,0.732,B-,100,B-N,1.02,,
39,62,0.45,B-,100,B-N,1.94,,
39,63,0.36,B-,100,B-N,4.9,,
39,64,0.23,B-,100,B-N,8,,
39,65,0.197,B-,100,B-N,34,B-2N,
39,66,0.107,B-,100,B-N,82,,
39,67,0.079,B-,100,B-N,,B-2N,
39,68,0.0335,B-,100,B-N,,B-2N,
39,69,0.03,B-,100,B-N,,B-2N,
39,70,0.025,B-,100,,,,
39,71,,B-,100,B-2N,,B-N,
39,72,,B-,100,B-N,,B-2N,
40,37,,EC+B+,,ECP,,2P,
40,38,0.00000017,EC+B+,,,,,
40,39,0.056,EC+B+,100,ECP,,,
40,40,4.6,EC+B+,100,ECP,,,
40,41,5.5,EC+B+,100,ECP,0.12,,
40,42,32,EC+B+,100,,,,
40,43,42,EC+B+,100,ECP,,,
40,44,1548,EC+B+,100,,,,
40,45,471.6,EC+B+,100,,,,
40,46,59400,EC+B+,100,,,,
40,47,6048,EC+B+,100,,,,
40,48,7205760,EC,100,,,,
40,49,282276,EC+B+,100,,,,
40,50,,,,,,,
40,51,,,,,,,
40,52,,,,,,,
40,53,5.08E+13,B-,100,,,,
40,54,,,,,,,
40,55,5532364.8,B-,100,,,,
40,56,6.31E+26,,,,,,
40,57,60296.4,B-,100,,,,
40,58,30.7,B-,100,,,,
40,59,2.1,B-,100,,,,
40,60,7.1,B-,100,,,,
40,61,2.3,B-,100,,,,
40,62,2.9,B-,100,,,,
40,63,1.3,B-,100,,,,
40,64,1.2,B-,100,,,,
40,65,0.66,B-,100,B-N,2,,
40,66,0.18,B-,100,B-N,7,,
40,67,0.146,B-,100,B-N,23,,
40,68,0.0774,B-,100,B-N,,,
40,69,0.056,B-,100,,,,
40,70,0.0375,B-,100,B-2N,,B-N,
40,71,0.024,B-,100,B-2N,,B-N,
40,72,0.03,B-,100,B-2N,,B-N,
40,73,,B-,100,B-N,,B-2N,
40,74,,B-,100,B-N,,B-2N,
41,40,0.0000002,EC+B+,,,,,
41,41,0.05,EC+B+,100,ECP,,,
41,42,3.9,EC+B+,100,,,,
41,43,9.8,EC+B+,100,ECP,,,
41,44,20.5,EC+B+,100,,,,
41,45,88,EC+B+,100,,,,
41,46,222,EC+B+,100,,,,
41,47,870,EC+B+,100,,,,
41,48,7308,EC+B+,100,,,,
41,49,52560,EC+B+,100,,,,
41,50,21458709663,EC+B+,100,,,,
41,51,1.10E+15,EC+B+,100,,,,
41,52,,,,,,,
41,53,6.41E+11,B-,100,,,,
41,54,3023222.4,B-,100,,,,
41,55,84060,B-,100,,,,
41,56,4326,B-,100,,,,
41,57,2.86,B-,100,,,,
41,58,15,B-,100,,,,
41,59,1.4,B-,100,,,,
41,60,7.1,B-,100,,,,
41,61,4.3,B-,100,,,,
41,62,1.5,B-,100,,,,
41,63,4.9,B-,100,B-N,0.06,,
41,64,2.91,B-,100,B-N,1.7,,
41,65,1.02,B-,100,B-N,4.5,,
41,66,0.3,B-,100,,,,
41,67,0.198,B-,100,B-N,6.3,B-2N,
41,68,0.108,B-,100,B-N,15,,
41,69,0.082,B-,100,B-N,40,,
41,70,0.054,B-,100,B-N,,B-2N,
41,71,0.033,B-,100,,,,
41,72,0.032,B-,100,B-N,,B-2N,
41,73,0.017,B-,100,B-N,,B-2N,
41,74,0.023,B-,100,B-N,,B-2N,
41,75,,B-,100,B-3N,,B-2N,
41,76,,B-,100,B-N,,B-2N,
42,39,0.00000045,ECP,,EC+B+,,,
42,40,,EC+B+,100,ECP,,,
42,41,0.006,EC+B+,100,,,,
42,42,2.3,EC+B+,100,ECP,,,
42,43,3.2,EC+B+,100,ECP,0.14,,
42,44,19.1,EC+B+,100,,,,
42,45,14.1,EC+B+,100,B+P,15,,
42,46,480,EC+B+,100,,,,
42,47,126.6,EC+B+,100,,,,
42,48,20016,EC+B+,100,,,,
42,49,929.4,EC+B+,100,,,,
42,50,,,,,,,
42,51,1.26E+11,EC,100,,,,
42,52,,,,,,,
42,53,,,,,,,
42,54,,,,,,,
42,55,,,,,,,
42,56,,,,,,,
42,57,237326.4,B-,100,,,,
42,58,2.21E+26,2B-,100,2B-,100,,
42,59,876.6,B-,100,,,,
42,60,678,B-,100,,,,
42,61,67.5,B-,100,,,,
42,62,60,B-,100,,,,
42,63,36.3,B-,100,,,,
42,64,8.73,B-,100,,,,
42,65,3.5,B-,100,,,,
42,66,1.09,B-,100,,,,
42,67,0.61,B-,100,B-N,1.3,,
42,68,0.296,B-,100,B-N,2,,
42,69,0.186,B-,100,B-N,12,,
42,70,0.12,B-,100,,,,
42,71,0.08,B-,100,B-N,,,
42,72,0.058,B-,100,B-N,,,
42,73,0.0455,B-,100,B-N,,B-2N,
42,74,0.032,B-2N,,B-,,B-N,
42,75,0.022,B-2N,,B-N,,B-,
42,76,0.019,B-,100,B-2N,,B-N,
42,77,,B-,100,B-N,,B-2N,
43,42,0.0000001,P,,,,,
43,43,0.055,EC+B+,100,ECP,,,
43,44,2.2,EC+B+,100,,,,
43,45,6.4,EC+B+,100,ECP,,,
43,46,12.8,EC+B+,100,,,,
43,47,49.2,EC,100,,,,
43,48,188.4,EC+B+,100,,,,
43,49,255,EC+B+,100,,,,
43,50,9900,EC+B+,100,,,,
43,51,17580,EC+B+,100,,,,
43,52,72000,EC+B+,100,,,,
43,53,369792,EC+B+,100,,,,
43,54,1.33E+14,EC,100,,,,
43,55,1.33E+14,B-,100,,,,
43,56,6.66E+12,B-,100,,,,
43,57,15.65,B-,99.9974,EC,0.0026,,
43,58,853.2,B-,100,,,,
43,59,5.28,B-,100,,,,
43,60,54.2,B-,100,,,,
43,61,1098,B-,100,,,,
43,62,458.4,B-,100,,,,
43,63,35.6,B-,100,,,,
43,64,21.2,B-,100,,,,
43,65,5.17,B-,100,,,,
43,66,0.91,B-,100,B-N,0.08,,
43,67,0.9,B-,100,B-N,0.04,,
43,68,0.29,B-,100,B-N,0.85,,
43,69,0.271,B-,100,B-N,1.5,,
43,70,0.152,B-,100,B-N,2.1,,
43,71,0.1,B-,100,B-N,,,
43,72,0.078,B-,100,B-N,,,
43,73,0.057,B-,100,B-2N,,B-N,
43,74,0.0445,B-,100,B-N,,B-2N,
43,75,0.03,B-,100,B-N,,B-2N,
43,76,0.022,B-,100,B-N,,B-2N,
43,77,0.021,B-,100,B-2N,,B-N,
43,78,0.022,B-,100,B-N,,B-2N,
43,79,,B-,100,B-N,,B-2N,
44,41,0.00000045,P,,ECP,,EC+B+,
44,42,0.000000438,EC+B+,,ECP,,,
44,43,,,,,,,
44,44,1.2,EC+B+,100,ECP,,,
44,45,1.32,EC+B+,100,ECP,3.1,,
44,46,11.7,EC+B+,100,,,,
44,47,8,EC+B+,100,,,,
44,48,219,EC+B+,100,,,,
44,49,59.7,EC+B+,100,,,,
44,50,3108,EC+B+,100,,,,
44,51,5914.8,EC+B+,100,,,,
44,52,,,,,,,
44,53,244512,EC+B+,100,,,,
44,54,,,,,,,
44,55,,,,,,,
44,56,,,,,,,
44,57,,,,,,,
44,58,,,,,,,
44,59,3390940.8,B-,100,,,,
44,60,,,,,,,
44,61,15980.4,B-,100,,,,
44,62,32123520,B-,100,,,,
44,63,225,B-,100,,,,
44,64,273,B-,100,,,,
44,65,34.4,B-,100,,,,
44,66,12.04,B-,100,,,,
44,67,2.12,B-,100,,,,
44,68,1.75,B-,100,,,,
44,69,0.8,B-,100,,,,
44,70,0.54,B-,100,,,,
44,71,0.318,B-,100,B-N,,,
44,72,0.204,B-,100,B-N,,,
44,73,0.151,B-,100,B-N,,,
44,74,0.099,B-,100,B-N,4.6,,
44,75,0.0695,B-,100,B-N,,B-2N,
44,76,0.045,B-,100,B-N,,,
44,77,0.029,B-,100,B-N,,B-2N,
44,78,0.025,B-,100,B-N,,B-2N,
44,79,0.019,B-,100,B-N,,B-2N,
44,80,0.015,B-,100,B-N,,B-2N,
44,81,,B-,100,B-2N,,B-N,
45,44,0.00000012,P,,EC+B+,,ECP,
45,45,0.029,EC+B+,100,ECP,0.7,,
45,46,1.47,EC+B+,100,B+P,1.3,,
45,47,4.66,EC+B+,100,B+P,1.9,,
45,48,12.2,EC+B+,100,,,,
45,49,70.6,EC+B+,100,ECP,1.8,,
45,50,301.2,EC+B+,100,,,,
45,51,594,EC+B+,100,,,,
45,52,1842,EC+B+,100,,,,
45,53,523.2,EC+B+,100,,,,
45,54,1391040,EC+B+,100,,,,
45,55,73800,EC+B+,100,,,,
45,56,104137855.7,EC,100,,,,
45,57,17910720,EC+B+,78,B-,22,,
45,58,,,,,,,
45,59,42.3,B-,99.55,EC+B+,0.45,,
45,60,127227.6,B-,100,,,,
45,61,30.07,B-,100,,,,
45,62,1302,B-,100,,,,
45,63,16.8,B-,100,,,,
45,64,80.8,B-,100,,,,
45,65,3.35,B-,100,,,,
45,66,11,B-,100,,,,
45,67,3.6,B-,100,,,,
45,68,2.8,B-,100,,,,
45,69,1.85,B-,100,,,,
45,70,0.99,B-,100,,,,
45,71,0.68,B-,100,,,,
45,72,0.44,B-,100,,,,
45,73,0.286,B-,100,B-N,2.1,,
45,74,0.171,B-,100,B-N,6.4,,
45,75,0.132,B-,100,B-N,5.4,B-2N,
45,76,0.151,B-,100,B-N,,,
45,77,0.0000003,B-,,B-N,,B-2N,
45,78,0.0422,B-,100,B-N,24.2,B-2N,
45,79,0.03,B-,100,B-N,,B-2N,
45,80,0.0265,B-,100,B-N,,B-2N,
45,81,0.019,B-,100,B-N,,B-2N,
45,82,0.02,B-,100,B-N,,B-2N,
45,83,,B-,100,B-N,,B-2N,
46,44,,EC+B+,100,2P,,ECP,
46,45,,EC+B+,100,,,,
46,46,1,EC+B+,100,,,,
46,47,1,EC+B+,100,ECP,,,
46,48,9,EC+B+,100,,,,
46,49,5,EC+B+,100,,,,
46,50,122,EC+B+,100,,,,
46,51,186,EC+B+,100,,,,
46,52,1062,EC+B+,100,,,,
46,53,1284,EC+B+,100,,,,
46,54,313632,EC,100,,,,
46,55,30492,EC+B+,100,,,,
46,56,,,,,,,
46,57,1468022.4,EC,100,,,,
46,58,,,,,,,
46,59,,,,,,,
46,60,,,,,,,
46,61,2.05E+14,B-,100,,,,
46,62,,,,,,,
46,63,48924,B-,100,,,,
46,64,,,,,,,
46,65,1404,B-,100,,,,
46,66,75744,B-,100,,,,
46,67,93,B-,100,,,,
46,68,145.2,B-,100,,,,
46,69,25,B-,100,,,,
46,70,11.8,B-,100,,,,
46,71,4.3,B-,100,,,,
46,72,1.9,B-,100,,,,
46,73,0.92,B-,100,,,,
46,74,0.492,B-,100,B-N,0.7,,
46,75,0.285,B-,100,B-N,0.8,,
46,76,0.175,B-,100,B-N,2.5,,
46,77,0.109,B-,100,B-N,1.4,,
46,78,0.038,B-,100,B-N,,,
46,79,0.057,B-,100,B-N,,,
46,80,0.0485,B-,100,B-N,4.9,,
46,81,0.038,B-,100,B-2N,,B-N,
46,82,0.035,B-,100,B-N,,,
46,83,0.031,B-,100,B-N,,B-2N,
46,84,,B-,100,B-N,,B-2N,
46,85,,B-,100,B-N,,B-2N,
47,45,,P,,EC+B+,,ECP,
47,46,0.000000228,P,,EC+B+,,ECP,
47,47,0.026,EC+B+,100,ECP,,,
47,48,1.75,EC+B+,100,ECP,,,
47,49,4.4,EC+B+,100,ECP,8.5,,
47,50,25.5,EC,100,,,,
47,51,47.5,EC+B+,100,ECP,0.0011,,
47,52,124,EC+B+,100,,,,
47,53,120.6,EC+B+,100,,,,
47,54,666,EC+B+,100,,,,
47,55,774,EC+B+,100,,,,
47,56,3942,EC+B+,100,,,,
47,57,4152,EC+B+,100,,,,
47,58,3567456,EC+B+,100,,,,
47,59,1437.6,EC+B+,99.5,B-,1,,
47,60,,,,,,,
47,61,142.92,B-,97.15,EC+B+,2.85,,
47,62,,,,,,,
47,63,24.56,B-,99.7,EC,0.3,,
47,64,643680,B-,100,,,,
47,65,11268,B-,100,,,,
47,66,19332,B-,100,,,,
47,67,4.6,B-,100,,,,
47,68,1200,B-,100,,,,
47,69,230,B-,100,,,,
47,70,72.8,B-,100,,,,
47,71,3.76,B-,100,,,,
47,72,2.1,B-,100,,,,
47,73,1.23,B-,100,B-N,0.003,,
47,74,0.78,B-,100,B-N,0.08,,
47,75,0.529,B-,99.8,B-N,0.186,,
47,76,0.299,B-,100,B-N,0.62,,
47,77,0.191,B-,100,B-N,1.3,,
47,78,0.159,B-,100,B-N,,,
47,79,0.052,B-,100,B-N,,,
47,80,0.109,B-,100,,,,
47,81,0.058,B-,100,B-N,,,
47,82,0.046,B-,100,B-N,0,,
47,83,0.042,B-,100,B-2N,,B-N,
47,84,0.035,B-,100,B-N,,B-2N,
47,85,0.028,B-,100,B-N,,B-2N,
48,46,0.00000076,ECP,,EC+B+,,,
48,47,0.032,B+,100,B+P,4.5,,
48,48,1.03,EC+B+,100,,,,
48,49,2.8,EC,100,ECP,,,
48,50,9.3,EC+B+,100,ECP,0.029,,
48,51,16,EC+B+,100,B+P,0.17,B+A,0.0001
48,52,49.1,EC+B+,100,,,,
48,53,81.6,EC+B+,100,,,,
48,54,330,EC+B+,100,,,,
48,55,438,EC+B+,100,,,,
48,56,3462,EC+B+,100,,,,
48,57,3330,EC+B+,100,,,,
48,58,,2B+,,,,,
48,59,23400,EC+B+,100,,,,
48,60,,,,,,,
48,61,39908160,EC,100,,,,
48,62,,,,,,,
48,63,,,,,,,
48,64,,,,,,,
48,65,2.54E+23,B-,100,,,,
48,66,,2B-,100,,,,
48,67,192456,B-,100,,,,
48,68,1.04E+27,2B-,,,,,
48,69,8964,B-,100,,,,
48,70,3018,B-,100,,,,
48,71,161.4,B-,100,,,,
48,72,50.8,B-,100,,,,
48,73,13.5,B-,100,,,,
48,74,5.24,B-,100,,,,
48,75,2.1,B-,100,,,,
48,76,1.25,B-,100,,,,
48,77,0.68,B-,100,,,,
48,78,0.514,B-,100,,,,
48,79,0.37,B-,100,,,,
48,80,0.28,B-,100,,,,
48,81,0.154,B-,100,B-N,0,,
48,82,0.162,B-,100,B-N,3.5,,
48,83,0.068,B-,100,B-N,3.5,,
48,84,0.084,B-,100,B-N,60,B-2N,
48,85,0.057,B-,100,B-N,,B-2N,
48,86,0.065,B-,100,B-N,,B-2N,
49,47,,P,,EC+B+,,ECP,
49,48,0.036,B+,100,B+P,1.7,,
49,49,0.03,EC+B+,100,ECP,0.13,,
49,50,3.1,B+P,0.9,,,,
49,51,5.65,EC+B+,100,ECP,1.66,,
49,52,15.1,EC+B+,100,B+P,,,
49,53,23.3,EC+B+,100,B+P,0.0093,,
49,54,65,EC+B+,100,,,,
49,55,108,EC+B+,100,,,,
49,56,304.2,EC+B+,100,,,,
49,57,372,EC+B+,100,,,,
49,58,1944,EC+B+,100,,,,
49,59,3480,EC+B+,100,,,,
49,60,14972.4,EC+B+,100,,,,
49,61,17712,EC+B+,100,,,,
49,62,242326.08,EC,100,,,,
49,63,892.8,EC+B+,62,B-,38,,
49,64,,,,,,,
49,65,71.9,B-,99.5,EC+B+,0.5,,
49,66,1.39E+22,B-,100,,,,
49,67,14.1,B-,99.977,EC,0.023,,
49,68,2592,B-,100,,,,
49,69,5,B-,100,,,,
49,70,144,B-,100,,,,
49,71,3.08,B-,100,,,,
49,72,23.1,B-,100,,,,
49,73,1.5,B-,100,,,,
49,74,6.15,B-,100,,,,
49,75,3.12,B-,100,,,,
49,76,2.36,B-,100,,,,
49,77,1.53,B-,100,,,,
49,78,1.09,B-,100,B-N,0.03,,
49,79,0.84,B-,100,B-N,0.046,,
49,80,0.611,B-,100,B-N,0.23,,
49,81,0.29,B-,100,B-N,0.93,,
49,82,0.28,B-,100,B-N,2,,
49,83,0.2,B-,100,B-N,7.4,B-2N,
49,84,0.165,B-,100,B-N,85,,
49,85,0.14,B-,100,B-N,65,,
49,86,0.101,B-,100,B-N,0,B-2N,
49,87,0.085,B-,100,B-N,,B-2N,
49,88,0.065,B-,100,B-2N,,B-N,
50,49,0.00000076,EC+B+,,ECP,,,
50,50,1.18,EC+B+,100,ECP,17,,
50,51,1.7,EC+B+,100,ECP,26,,
50,52,3.8,EC+B+,100,,,,
50,53,7,EC+B+,100,ECP,1.2,,
50,54,20.8,EC+B+,100,,,,
50,55,32.7,EC+B+,100,B+P,0.011,,
50,56,115,EC+B+,100,,,,
50,57,174,EC+B+,100,,,,
50,58,618,EC+B+,100,,,,
50,59,1086,EC+B+,100,,,,
50,60,14954.4,EC,100,,,,
50,61,2118,EC+B+,100,,,,
50,62,,,,,,,
50,63,9943776,EC+B+,100,,,,
50,64,,,,,,,
50,65,,,,,,,
50,66,,,,,,,
50,67,,,,,,,
50,68,,,,,,,
50,69,,,,,,,
50,70,,,,,,,
50,71,97308,B-,100,,,,
50,72,,,,,,,
50,73,11162880,B-,100,,,,
50,74,,,,,,,
50,75,832896,B-,100,,,,
50,76,6.88E+12,B-,100,,,,
50,77,7560,B-,100,,,,
50,78,3544.2,B-,100,,,,
50,79,133.8,B-,100,,,,
50,80,223.2,B-,100,,,,
50,81,56,B-,100,,,,
50,82,39.7,B-,100,,,,
50,83,1.46,B-,100,B-N,0.0294,,
50,84,1.05,B-,100,B-N,17,,
50,85,0.515,B-,100,B-N,21,B-2N,
50,86,0.345,B-,100,B-N,27,,
50,87,0.19,B-,100,B-N,58,,
50,88,0.14,B-,100,B-N,36,B-2N,
50,89,0.13,B-,100,B-N,,B-3N,
50,90,,B-,100,B-N,,B-2N,
51,52,0.000000049,P,,,,,
51,53,0.44,EC+B+,100,ECP,7,P,1
51,54,1.22,EC+B+,100,P,,,
51,55,0.6,EC+B+,,,,,
51,56,4,EC+B+,100,,,,
51,57,7.4,EC+B+,100,,,,
51,58,17.2,EC+B+,100,,,,
51,59,23.6,EC+B+,100,,,,
51,60,75,EC+B+,100,,,,
51,61,53.5,EC+B+,100,,,,
51,62,400.2,EC+B+,100,,,,
51,63,209.4,EC+B+,100,,,,
51,64,1926,EC+B+,100,,,,
51,65,948,EC+B+,100,,,,
51,66,10080,EC+B+,100,B+,1.7,,
51,67,216,EC+B+,100,,,,
51,68,137484,EC,100,,,,
51,69,953.4,EC+B+,100,,,,
51,70,,,,,,,
51,71,235336.32,B-,97.59,EC+B+,2.41,,
51,72,,,,,,,
51,73,5201280,B-,100,,,,
51,74,87051673.72,B-,100,,,,
51,75,1067040,B-,100,,,,
51,76,332640,B-,100,,,,
51,77,32580,B-,100,,,,
51,78,15717.6,B-,100,,,,
51,79,2370,B-,100,,,,
51,80,1381.8,B-,100,,,,
51,81,167.4,B-,100,,,,
51,82,140.4,B-,100,,,,
51,83,0.78,B-,100,,,,
51,84,1.679,B-,100,B-N,22,,
51,85,0.923,B-,100,B-N,18.5,B-2N,1
51,86,0.45,B-,100,B-N,49,,
51,87,0.348,B-N,72,B-,,B-2N,
51,88,0.093,B-,100,B-N,90,B-2N,
51,89,0.173,B-,100,B-N,23,B-2N,7.6
51,90,0.103,B-,100,B-2N,,B-N,
51,91,0.053,B-,100,B-2N,,B-N,
52,52,0.000000018,A,100,2P,,,
52,53,0.00000062,A,100,,,,
52,54,0.00007,A,100,,,,
52,55,0.0031,A,70,EC+B+,30,,
52,56,2.1,EC+B+,51,A,49,B+P,2.4
52,57,4.4,EC+B+,96.1,B+P,9.4,A,3.9
52,58,18.6,EC+B+,100,A,0.00067,,
52,59,19.3,EC+B+,100,B+P,,,
52,60,120,EC+B+,100,,,,
52,61,102,EC+B+,100,,,,
52,62,912,EC+B+,100,,,,
52,63,348,EC+B+,100,,,,
52,64,8964,EC+B+,100,,,,
52,65,3720,EC+B+,100,B+,25,,
52,66,518400,EC,100,,,,
52,67,57780,EC+B+,100,B+,2.06,,
52,68,,,,,,,
52,69,1656288,EC+B+,100,,,,
52,70,,,,,,,
52,71,2.90E+24,EC,100,,,,
52,72,,,,,,,
52,73,,,,,,,
52,74,,,,,,,
52,75,33660,B-,100,,,,
52,76,2.43E+32,2B-,100,,,,
52,77,4176,B-,100,,,,
52,78,2.49E+28,2B-,100,,,,
52,79,1500,B-,100,,,,
52,80,276825.6,B-,100,,,,
52,81,750,B-,100,,,,
52,82,2508,B-,100,,,,
52,83,19,B-,100,,,,
52,84,17.63,B-,100,B-N,1.31,,
52,85,2.49,B-,100,B-N,2.99,,
52,86,1.4,B-,100,B-N,6.3,,
52,87,1.6,B-,100,B-N,,,
52,88,0.348,B-,100,B-N,,,
52,89,0.193,B-,100,B-N,,,
52,90,,,,,,,
52,91,0.000000408,B-,,B-N,,B-2N,
52,92,,B-,100,B-2N,,B-N,
52,93,,B-,100,B-2N,,B-N,
53,55,0.036,A,91,EC+B+,9,P,1
53,56,0.0000928,P,99.986,A,0.014,,
53,57,0.664,EC+B+,83,A,17,ECP,11
53,58,2.5,EC+B+,99.9,A,0.1,,
53,59,3.34,EC+B+,100,ECP,0.88,ECA,0.104
53,60,6.6,EC+B+,100,A,0.000000331,,
53,61,2.1,EC+B+,100,B+P,,,
53,62,78,EC+B+,100,,,,
53,63,2.91,EC+B+,100,,,,
53,64,133.2,EC+B+,100,B+,77,,
53,65,822,EC+B+,100,,,,
53,66,1146,EC+B+,100,B+,51,EC,49
53,67,4896,EC+B+,100,,,,
53,68,7632,EC+B+,100,,,,
53,69,217.8,EC+B+,100,,,,
53,70,47602.8,EC+B+,100,,,,
53,71,360806.4,EC+B+,100,,,,
53,72,5132764.8,EC,100,,,,
53,73,1117152,EC+B+,52.7,B-,47.3,,
53,74,,,,,,,
53,75,1499.4,B-,93.1,EC+B+,6.9,,
53,76,4.95E+14,B-,100,,,,
53,77,44496,B-,100,,,,
53,78,693377.28,B-,100,,,,
53,79,8262,B-,100,,,,
53,80,74988,B-,100,,,,
53,81,3150,B-,100,,,,
53,82,23688,B-,100,,,,
53,83,83.4,B-,100,,,,
53,84,24.5,B-,100,B-N,7.14,,
53,85,6.26,B-,100,B-N,5.44,,
53,86,2.28,B-,100,B-N,10,,
53,87,0.86,B-,100,B-N,7.6,,
53,88,0.418,B-,100,B-N,21.2,,
53,89,0.222,,,,,,
53,90,0.13,B-,,,,,
53,91,0.0000003,,,,,,
53,92,0.000000407,B-N,,B-,,,
53,93,0.094,B-,100,B-2N,,B-N,
53,94,,B-,100,B-N,,B-2N,
54,54,0.000054,A,100,2P,,,
54,55,0.013,A,100,,,,
54,56,0.093,A,64,EC+B+,36,ECP,
54,57,0.74,A,8,EC+B+,,,
54,58,2.7,EC+B+,98.8,A,1.2,,
54,59,2.74,EC+B+,100,ECP,7,A,0.011
54,60,10,EC+B+,100,,,,
54,61,18,EC+B+,100,B+P,0.34,A,0.0003
54,62,59,EC+B+,100,,,,
54,63,61,EC+B+,100,B+P,0.0029,,
54,64,228,EC+B+,100,,,,
54,65,348,EC+B+,100,,,,
54,66,2400,EC+B+,100,,,,
54,67,2406,EC+B+,100,,,,
54,68,72360,EC,100,,,,
54,69,7380,EC+B+,100,,,,
54,70,5.05E+21,2B+,,,,,
54,71,60840,EC+B+,100,,,,
54,72,,,,,,,
54,73,3140294.4,EC,100,,,,
54,74,,,,,,,
54,75,,,,,,,
54,76,,,,,,,
54,77,,,,,,,
54,78,,,,,,,
54,79,453384,B-,100,,,,
54,80,1.83E+30,2B-,0,,,,
54,81,32904,B-,100,,,,
54,82,6.83E+28,2B-,100,,,,
54,83,229.08,B-,100,,,,
54,84,848.4,B-,100,,,,
54,85,39.68,B-,100,,,,
54,86,13.6,B-,100,,,,
54,87,1.73,B-,100,B-N,0.044,,
54,88,1.23,B-,100,B-N,0.21,,
54,89,0.511,B-,100,B-N,0,,
54,90,1.15,B-,100,,,,
54,91,0.188,B-,100,B-N,5,,
54,92,0.146,B-,100,B-N,6.9,,
54,93,0.088,B-,100,B-N,8,,
54,94,0.0000004,B-N,,B-,,,
54,95,,B-,100,B-N,,B-2N,
54,96,,B-,100,B-2N,,B-N,
55,57,0.00049,P,100,A,0.26,,
55,58,0.0000177,P,100,,,,
55,59,0.57,EC+B+,99.982,ECP,8.7,ECA,0.19
55,60,1.4,EC+B+,100,B+P,0.07,,
55,61,0.7,EC+B+,100,ECP,2.8,ECA,0.049
55,62,8.4,EC+B+,100,,,,
55,63,14,EC+B+,100,ECP,0.042,ECA,0.0024
55,64,43,EC+B+,100,,,,
55,65,61.3,EC+B+,100,B+A,0.00002,B+P,0.000007
55,66,155,EC+B+,100,,,,
55,67,21.18,EC+B+,100,,,,
55,68,351.6,EC+B+,100,,,,
55,69,30.9,EC+B+,100,,,,
55,70,2802,EC+B+,100,,,,
55,71,98.58,EC+B+,100,,,,
55,72,22500,EC+B+,100,,,,
55,73,218.4,EC+B+,100,,,,
55,74,115416,EC+B+,100,,,,
55,75,1752.6,EC+B+,98.4,B-,1.6,,
55,76,837129.6,EC,100,,,,
55,77,559872,EC+B+,98.13,B-,1.87,,
55,78,,,,,,,
55,79,65171363.52,B-,99.9997,EC,0.0003,,
55,80,7.26E+13,B-,100,,,,
55,81,1124064,B-,100,,,,
55,82,949232333.3,B-,100,,,,
55,83,1950,B-,100,,,,
55,84,556.2,B-,100,,,,
55,85,63.7,B-,100,,,,
55,86,24.84,B-,100,B-N,0.035,,
55,87,1.684,B-,100,B-N,0.09,,
55,88,1.791,B-,100,B-N,1.64,,
55,89,0.994,B-,100,B-N,3.03,,
55,90,0.587,B-,100,B-N,14.7,,
55,91,0.322,B-,100,B-N,14.2,,
55,92,0.2295,B-,100,B-N,28.5,,
55,93,0.146,B-,100,B-N,25.1,,
55,94,0.107,B-,100,B-N,25,,
55,95,0.084,B-,100,B-N,20,,
55,96,0.069,B-,100,B-N,,,
55,97,0.05,B-,100,B-N,,B-2N,
56,58,0.43,EC+B+,99.1,ECP,20,A,0.9
56,59,0.45,EC+B+,100,B+P,15,,
56,60,1.3,EC+B+,100,B+P,3,,
56,61,1.75,EC+B+,100,B+P,0,B+A,0
56,62,5.5,EC+B+,100,ECP,,,
56,63,5.4,EC+B+,100,ECP,25,,
56,64,24,EC+B+,100,,,,
56,65,29.7,EC+B+,100,,,,
56,66,117,EC+B+,100,,,,
56,67,144,EC+B+,100,,,,
56,68,660,EC+B+,100,,,,
56,69,198,EC+B+,100,,,,
56,70,6000,EC+B+,100,,,,
56,71,762,EC+B+,100,,,,
56,72,209952,EC,100,,,,
56,73,8028,EC+B+,100,,,,
56,74,,,,,,,
56,75,993600,EC+B+,100,,,,
56,76,9.47E+28,2B+,,,,,
56,77,332957126,EC,100,,,,
56,78,,,,,,,
56,79,,,,,,,
56,80,,,,,,,
56,81,,,,,,,
56,82,,,,,,,
56,83,4975.8,B-,100,,,,
56,84,1101686.4,B-,100,,,,
56,85,1096.2,B-,100,,,,
56,86,636,B-,100,,,,
56,87,14.5,B-,100,,,,
56,88,11.5,B-,100,,,,
56,89,4.31,B-,100,,,,
56,90,2.21,B-,100,,,,
56,91,0.894,B-,100,B-N,0.06,,
56,92,0.612,B-,100,B-N,0.4,,
56,93,0.352,B-,100,B-N,2.2,,
56,94,0.259,B-,100,B-N,,,
56,95,0.167,B-,100,B-N,,,
56,96,0.139,B-,100,B-N,,,
56,97,0.116,B-,100,B-N,,,
56,98,0.053,B-,100,B-N,,,
57,60,0.0235,P,93.9,EC+B+,6.1,,
57,63,2.8,EC+B+,100,ECP,0,,
57,64,5.3,EC+B+,100,,,,
57,65,8.6,EC+B+,100,ECP,,,
57,66,16.3,EC+B+,100,,,,
57,67,21,EC+B+,100,,,,
57,68,64.8,EC+B+,100,,,,
57,69,54,EC+B+,0,,,,
57,70,306,EC+B+,100,,,,
57,71,310.8,EC,100,,,,
57,72,696,EC+B+,100,,,,
57,73,522,EC+B+,100,,,,
57,74,3540,EC+B+,100,,,,
57,75,17280,EC+B+,100,,,,
57,76,14083.2,EC+B+,100,,,,
57,77,387,EC+B+,100,,,,
57,78,70200,EC+B+,100,,,,
57,79,592.2,EC+B+,100,,,,
57,80,1.89E+12,EC,100,,,,
57,81,3.25E+18,EC+B+,65.5,B-,34.5,,
57,82,,,,,,,
57,83,145029.312,B-,100,,,,
57,84,14112,B-,100,,,,
57,85,5466,B-,100,,,,
57,86,852,B-,100,,,,
57,87,40.8,B-,100,,,,
57,88,24.8,B-,100,,,,
57,89,6.1,B-,100,B-N,0.007,,
57,90,4.06,B-,100,B-N,0.041,,
57,91,1.26,B-,100,B-N,0.15,,
57,92,1.091,B-,100,B-N,1.41,,
57,93,0.59,B-,100,B-N,2.7,,
57,94,0.457,B-,100,B-N,,,
57,95,0.298,B-,100,B-N,,,
57,96,0.245,B-,100,B-N,,,
57,97,0.161,B-,100,B-N,,,
57,98,0.101,B-,100,B-N,,,
57,99,0.084,B-,100,B-N,,,
57,100,,B-,100,B-N,,B-2N,
58,63,1.1,EC+B+,100,ECP,1,,
58,64,,EC+B+,,ECP,,,
58,65,3.8,EC+B+,100,ECP,0,,
58,66,6,EC+B+,100,,,,
58,67,9.7,EC+B+,100,B+P,,,
58,68,51,EC+B+,100,,,,
58,69,34,EC+B+,100,,,,
58,70,235.8,EC+B+,100,,,,
58,71,210,EC+B+,100,,,,
58,72,1374,EC+B+,100,,,,
58,73,618,EC+B+,100,B+,11,,
58,74,12636,EC+B+,100,,,,
58,75,5820,EC+B+,100,,,,
58,76,273024,EC,100,,,,
58,77,63720,EC+B+,100,,,,
58,78,,2EC,,,,,
58,79,32400,EC+B+,100,,,,
58,80,1.39E+24,2EC,100,,,,
58,81,11891232,EC,100,,,,
58,82,,,,,,,
58,83,2808345.6,B-,100,,,,
58,84,1.58E+24,,,,,,
58,85,118940.4,B-,100,,,,
58,86,24616224,B-,100,,,,
58,87,180.6,B-,100,,,,
58,88,809.4,B-,100,,,,
58,89,56.4,B-,100,,,,
58,90,56.8,B-,100,,,,
58,91,5.12,B-,100,,,,
58,92,4,B-,100,,,,
58,93,1.76,B-,100,,,,
58,94,1.4,B-,100,,,,
58,95,0.865,B-,100,B-N,,,
58,96,0.722,B-,100,B-N,,,
58,97,0.313,B-,100,B-N,,,
58,98,0.233,B-,100,B-N,,,
58,99,0.18,B-,100,B-N,,,
58,100,0.099,B-,100,B-N,,,
59,62,0.01,P,100,,,,
59,65,1.2,EC+B+,100,ECP,0,,
59,66,3.3,EC+B+,100,B+P,,,
59,67,3.14,EC+B+,100,ECP,,,
59,68,4.2,EC+B+,100,,,,
59,69,2.84,EC+B+,100,,,,
59,70,30,EC+B+,100,,,,
59,71,40,EC+B+,100,,,,
59,72,90.6,EC+B+,100,,,,
59,73,96,EC+B+,100,,,,
59,74,390,EC+B+,100,,,,
59,75,1020,EC+B+,100,,,,
59,76,1440,EC+B+,100,,,,
59,77,786,EC+B+,100,,,,
59,78,4608,EC+B+,100,,,,
59,79,87,EC+B+,100,,,,
59,80,15876,EC+B+,100,,,,
59,81,203.4,EC+B+,100,,,,
59,82,,,,,,,
59,83,68832,B-,99.9836,EC,0.0164,,
59,84,1172448,B-,100,,,,
59,85,1036.8,B-,100,,,,
59,86,21542.4,B-,100,,,,
59,87,1445.4,B-,100,,,,
59,88,806.4,B-,100,,,,
59,89,137.4,B-,100,,,,
59,90,135.6,B-,100,,,,
59,91,6.19,B-,100,,,,
59,92,18.9,B-,100,,,,
59,93,3.57,B-,100,,,,
59,94,4.29,B-,100,B-N,,,
59,95,2.3,B-,100,,,,
59,96,1.47,B-,100,B-N,,,
59,97,0.444,B-,100,B-N,,,
59,98,0.295,B-,100,B-N,,,
59,99,0.181,B-,100,B-N,,,
59,100,0.13,B-,100,B-N,,,
59,101,0.17,B-,100,B-N,,,
59,102,,B-,100,B-N,,,
60,65,0.65,EC+B+,100,ECP,0,,
60,66,,EC+B+,,ECP,,,
60,67,1.8,EC+B+,100,ECP,,,
60,68,5,EC+B+,100,ECP,,,
60,69,6.7,EC+B+,100,ECP,0,,
60,70,13,EC+B+,100,,,,
60,71,25.4,EC+B+,100,ECP,0,,
60,72,94,EC+B+,100,,,,
60,73,70,EC+B+,100,,,,
60,74,510,EC+B+,100,,,,
60,75,744,EC+B+,100,,,,
60,76,3039,EC+B+,100,,,,
60,77,2310,EC+B+,100,,,,
60,78,18144,EC+B+,100,,,,
60,79,1782,EC+B+,100,,,,
60,80,291168,EC,100,,,,
60,81,8964,EC+B+,100,,,,
60,82,,,,,,,
60,83,,,,,,,
60,84,7.23E+22,A,100,,,,
60,85,,,,,,,
60,86,,,,,,,
60,87,952992,B-,100,,,,
60,88,,2B-,,,,,
60,89,6213.6,B-,100,,,,
60,90,2.87E+26,2B-,100,,,,
60,91,746.4,B-,100,,,,
60,92,684,B-,100,,,,
60,93,31.6,B-,100,,,,
60,94,25.9,B-,100,,,,
60,95,8.9,B-,100,,,,
60,96,5.26,B-,100,,,,
60,97,1.15,B-,100,,,,
60,98,0.82,B-,100,B-N,,,
60,99,0.485,B-,100,B-N,,,
60,100,0.439,B-,100,B-N,,,
60,101,0.22,B-,100,B-N,,,
60,102,0.31,B-,100,B-N,,,
60,103,,B-,100,B-N,,,
61,67,1,EC,100,ECP,,A,
61,68,2.4,EC+B+,100,P,,ECP,
61,69,2.6,EC+B+,100,ECP,,,
61,70,6.3,EC+B+,100,,,,
61,71,6.2,EC+B+,100,ECP,0.00005,,
61,72,13.5,EC+B+,100,,,,
61,73,5,EC+B+,100,,,,
61,74,49,EC+B+,100,,,,
61,75,300,EC+B+,100,,,,
61,76,144,EC+B+,100,,,,
61,77,10,EC+B+,100,,,,
61,78,249,EC+B+,100,,,,
61,79,9.2,EC+B+,100,,,,
61,80,1254,EC+B+,100,,,,
61,81,40.5,EC+B+,100,,,,
61,82,22896000,EC+B+,100,B+,0.0000057,,
61,83,31363200,EC+B+,100,,,,
61,84,558557589.8,EC,100,A,0.00000028,,
61,85,174509800.6,EC,65.7,B-,34.3,,
61,86,82786439.6,B-,100,,,,
61,87,463795.2,B-,100,,,,
61,88,191088,B-,100,,,,
61,89,9712.8,B-,100,,,,
61,90,102240,B-,100,,,,
61,91,247.2,B-,100,,,,
61,92,315,B-,100,,,,
61,93,160.8,B-,100,,,,
61,94,41.5,B-,100,,,,
61,95,26.7,B-,100,,,,
61,96,10.56,B-,100,,,,
61,97,4.8,B-,100,,,,
61,98,1.5,B-,100,,,,
61,99,0.725,B-,100,B-N,,,
61,100,1.05,B-,100,B-N,,,
61,101,0.63,B-,100,B-N,,,
61,102,0.43,B-,100,B-N,,,
61,103,,B-,100,B-N,,,
61,104,,B-,100,B-N,,,
62,67,0.55,EC+B+,100,ECP,0,,
62,68,,EC+B+,,,,,
62,69,1.2,EC+B+,100,ECP,0,,
62,70,4,EC+B+,100,ECP,,,
62,71,2.89,EC+B+,100,ECP,0,,
62,72,9.5,EC+B+,100,,,,
62,73,10.3,EC+B+,100,ECP,0.02,,
62,74,47,EC+B+,100,,,,
62,75,45,EC+B+,100,,,,
62,76,186,EC+B+,100,,,,
62,77,154.2,EC+B+,100,,,,
62,78,889.2,EC+B+,100,,,,
62,79,612,EC+B+,100,,,,
62,80,4349.4,EC+B+,100,,,,
62,81,525,EC+B+,100,,,,
62,82,,,,,,,
62,83,29376000,EC,100,,,,
62,84,2.15E+15,A,100,,,,
62,85,3.39E+18,A,100,,,,
62,86,2.21E+23,A,100,,,,
62,87,,,,,,,
62,88,,,,,,,
62,89,2840123338,B-,100,,,,
62,90,,,,,,,
62,91,166622.4,B-,100,,,,
62,92,,,,,,,
62,93,1330.8,B-,100,,,,
62,94,33840,B-,100,,,,
62,95,481.8,B-,100,,,,
62,96,318,B-,100,,,,
62,97,11.37,B-,100,,,,
62,98,9.6,B-,100,,,,
62,99,4.8,B-,100,,,,
62,100,2.4,B-,100,,,,
62,101,1.23,B-,100,B-N,,,
62,102,1.43,B-,100,B-N,,,
62,103,0.98,B-,100,B-N,,,
62,104,0.8,B-,100,B-N,,,
62,105,,B-,100,B-N,,,
62,106,,B-,100,B-N,,,
63,67,0.0009,P,100,,,,
63,68,0.0178,P,89,EC+B+,11,,
63,69,,P,0,EC+B+,,,
63,71,0.5,EC+B+,100,ECP,0,,
63,72,1.5,EC+B+,100,ECP,,,
63,73,3.3,EC+B+,100,B+P,0.09,,
63,74,11,EC+B+,100,,,,
63,75,12.1,EC+B+,100,,,,
63,76,17.9,EC+B+,100,,,,
63,77,1.51,EC+B+,100,,,,
63,78,40.7,EC+B+,100,,,,
63,79,2.34,EC+B+,100,,,,
63,80,155.4,EC+B+,100,,,,
63,81,10.2,EC+B+,100,,,,
63,82,512352,EC+B+,100,,,,
63,83,398304,EC+B+,100,,,,
63,84,2082240,EC,99.9978,A,0.0022,,
63,85,4708800,EC+B+,100,A,0.00000094,,
63,86,8043840,EC,100,,,,
63,87,1164450568,EC+B+,100,,,,
63,88,5.36E+25,A,,,,,
63,89,426554968.4,EC+B+,72.08,B-,27.92,,
63,90,,,,,,,
63,91,271421120.3,B-,99.982,EC+B+,0.018,,
63,92,149990069.2,B-,100,,,,
63,93,1312416,B-,100,,,,
63,94,54648,B-,100,,,,
63,95,2754,B-,100,,,,
63,96,1086,B-,100,,,,
63,97,42.6,B-,100,,,,
63,98,26,B-,100,,,,
63,99,10.6,B-,100,,,,
63,100,7.7,B-,100,,,,
63,101,4.15,B-,100,,,,
63,102,2.3,B-,100,,,,
63,103,1.7,B-,100,B-N,,,
63,104,1.3,B-,100,B-N,,,
63,105,0.2,B-,100,B-N,,,
63,106,,B-,100,B-N,,,
64,70,,,,,,,
64,71,1.1,EC+B+,100,ECP,2,,
64,72,0.0000002,,,,,,
64,73,2.2,EC+B+,100,ECP,,,
64,74,4.7,EC+B+,100,,,,
64,75,5.8,EC+B+,100,ECP,0,,
64,76,15.8,EC+B+,100,,,,
64,77,14,EC+B+,100,B+P,0.03,,
64,78,70.2,EC+B+,100,,,,
64,79,39,EC+B+,100,,,,
64,80,268.2,EC+B+,100,,,,
64,81,1380,EC+B+,100,,,,
64,82,4170528,EC+B+,100,,,,
64,83,137016,EC+B+,100,,,,
64,84,2243697437,A,100,,,,
64,85,801792,EC+B+,100,A,0.00043,,
64,86,5.65E+13,A,100,,,,
64,87,10704960,EC,100,A,0.0000008,,
64,88,3.41E+21,A,100,,,,
64,89,20770560,EC,100,,,,
64,90,,,,,,,
64,91,,,,,,,
64,92,,,,,,,
64,93,,,,,,,
64,94,,,,,,,
64,95,66524.4,B-,100,,,,
64,96,,,,,,,
64,97,219.6,B-,100,,,,
64,98,504,B-,100,,,,
64,99,68,B-,100,,,,
64,100,45,B-,100,,,,
64,101,10.3,B-,100,,,,
64,102,4.8,B-,100,,,,
64,103,4.26,B-,100,,,,
64,104,3.03,B-,100,,,,
64,105,0.75,B-,100,B-N,,,
64,106,0.41,B-,100,B-N,,,
64,107,,B-,100,B-N,,,
64,108,,B-,100,B-N,,,
65,70,0.00094,P,100,EC+B+,,,
65,73,0.0000002,EC+B+,100,,,,
65,74,1.6,EC+B+,0,ECP,,P,
65,75,2.29,EC+B+,100,ECP,0.26,,
65,76,3.5,EC+B+,100,,,,
65,77,0.597,EC+B+,100,B+P,0.0022,,
65,78,12,EC+B+,100,,,,
65,79,1,EC+B+,100,,,,
65,80,,,,,,,
65,81,8,EC+B+,100,,,,
65,82,5904,EC+B+,100,,,,
65,83,3600,EC+B+,100,,,,
65,84,14832,EC+B+,83.3,A,16.7,,
65,85,12528,EC+B+,100,A,0.05,,
65,86,63392.4,EC+B+,99.9905,A,0.0095,,
65,87,63000,EC+B+,100,A,0.0000007,,
65,88,202176,EC+B+,100,,,,
65,89,77400,EC+B+,100,B-,0.1,,
65,90,459648,EC,100,,,,
65,91,462240,EC+B+,100,,,,
65,92,2240541744,EC,100,,,,
65,93,5680246675,EC+B+,83.4,B-,16.6,,
65,94,,,,,,,
65,95,6246720,B-,100,,,,
65,96,595296,B-,100,,,,
65,97,456,B-,100,,,,
65,98,1170,B-,100,,,,
65,99,180,B-,100,,,,
65,100,126.6,B-,100,,,,
65,101,25.1,B-,100,,,,
65,102,19.4,B-,100,,,,
65,103,8.2,B-,100,,,,
65,104,5.1,B-,100,B-N,,,
65,105,0.96,B-,100,B-N,,,
65,106,1.24,B-,100,B-N,,,
65,107,0.76,B-,100,B-N,,,
65,108,,B-,100,B-N,,,
65,109,,B-,100,B-N,,,
66,73,0.6,EC+B+,100,ECP,11,,
66,74,,EC+B+,,,,,
66,75,0.9,EC+B+,100,B+P,,,
66,76,2.3,EC+B+,100,ECP,0.06,,
66,77,5.6,EC+B+,100,ECP,,,
66,78,9.1,EC+B+,100,ECP,,,
66,79,6,EC+B+,100,ECP,50,,
66,80,33.2,EC+B+,100,,,,
66,81,67,EC+B+,100,B+P,0.05,,
66,82,198,EC+B+,100,,,,
66,83,252,EC+B+,100,,,,
66,84,430.2,EC+B+,64,A,36,,
66,85,1074,EC+B+,94.4,A,5.6,,
66,86,8568,EC+B+,99.9,A,0.1,,
66,87,23040,EC+B+,99.9906,A,0.0094,,
66,88,9.47E+13,A,100,,,,
66,89,35640,EC+B+,100,,,,
66,90,,2EC,,,,,
66,91,29304,EC+B+,100,,,,
66,92,,,,,,,
66,93,12476160,EC,100,,,,
66,94,,,,,,,
66,95,,A,,,,,
66,96,,,,,,,
66,97,,,,,,,
66,98,,,,,,,
66,99,8395.2,B-,100,,,,
66,100,293760,B-,100,,,,
66,101,372,B-,100,,,,
66,102,522,B-,100,,,,
66,103,39,B-,100,,,,
66,104,55,B-,100,,,,
66,105,4.1,B-,100,,,,
66,106,0.00000016,B-,,,,,
66,107,1.43,B-,100,,,,
66,108,0.00000016,B-,,,,,
66,109,,B-,100,B-N,,,
66,110,,B-,100,B-N,,,
67,73,0.006,P,100,,,,
67,74,0.0041,P,100,,,,
67,75,0.4,EC+B+,100,ECP,0,P,0
67,76,,EC+B+,,ECP,,,
67,77,0.7,EC+B+,100,ECP,,,
67,78,2.4,EC+B+,100,,,,
67,79,3.32,EC+B+,100,ECP,,,
67,80,5.8,EC+B+,100,,,,
67,81,2.2,EC+B+,100,,,,
67,82,21,EC+B+,100,,,,
67,83,72,EC+B+,100,,,,
67,84,35.2,EC+B+,78,A,22,,
67,85,161.8,EC+B+,88,A,12,,
67,86,120.6,EC+B+,99.949,A,0.051,,
67,87,705.6,EC+B+,99.981,A,0.019,,
67,88,2880,EC+B+,100,,,,
67,89,3360,EC+B+,100,,,,
67,90,756,EC+B+,100,,,,
67,91,678,EC+B+,100,,,,
67,92,1983,EC+B+,100,,,,
67,93,1536,EC+B+,100,,,,
67,94,8928,EC,100,,,,
67,95,900,EC+B+,100,,,,
67,96,1.44E+11,EC,100,,,,
67,97,1728,EC+B+,60,B-,40,,
67,98,,,,,,,
67,99,96566.4,B-,100,,,,
67,100,11160,B-,100,,,,
67,101,179.4,B-,100,,,,
67,102,283.2,B-,100,,,,
67,103,165.6,B-,100,,,,
67,104,53,B-,100,,,,
67,105,25,B-,100,,,,
67,106,6.9,B-,100,,,,
67,107,3.2,B-,100,B-N,,,
67,108,1.9,B-,100,B-N,,,
67,109,0.00000016,B-N,,B-,,,
67,110,,B-,100,B-N,,,
67,111,,B-,100,B-N,,,
68,75,,,,,,,
68,76,0.0000002,EC+B+,100,,,,
68,77,,,,,,,
68,78,1.7,EC+B+,100,,,,
68,79,3.2,EC+B+,100,B+P,0,,
68,80,4.6,EC+B+,100,ECP,0.15,,
68,81,4,EC+B+,100,ECP,7,,
68,82,18.5,EC+B+,100,,,,
68,83,23.5,EC+B+,100,,,,
68,84,10.3,A,90,EC+B+,10,,
68,85,37.1,A,53,EC+B+,47,,
68,86,223.8,EC+B+,99.53,A,0.47,,
68,87,318,EC+B+,99.978,A,0.022,,
68,88,1170,EC+B+,100,A,0.000017,,
68,89,1119,EC+B+,100,,,,
68,90,8244,EC,100,,,,
68,91,2160,EC+B+,100,,,,
68,92,102888,EC,100,,,,
68,93,11556,EC+B+,100,,,,
68,94,,,,,,,
68,95,4500,EC+B+,100,,,,
68,96,,,,,,,
68,97,37296,EC,100,,,,
68,98,,,,,,,
68,99,,,,,,,
68,100,,,,,,,
68,101,811468.8,B-,100,,,,
68,102,,,,,,,
68,103,27057.6,B-,100,,,,
68,104,177480,B-,100,,,,
68,105,84,B-,100,,,,
68,106,192,B-,100,,,,
68,107,72,B-,100,,,,
68,108,0.00000016,B-,,,,,
68,109,,B-,100,,,,
68,110,0.00000016,B-,,,,,
68,111,,B-,100,,,,
68,112,,B-,100,B-N,,,
69,75,0.0000019,P,0,,,,
69,76,0.00000317,P,100,,,,
69,77,0.068,P,,EC+B+,,,
69,78,0.58,EC+B+,85,P,15,,
69,79,0.7,EC+B+,100,,,,
69,80,0.9,EC+B+,100,ECP,0.2,,
69,81,2.2,EC+B+,100,ECP,1.2,,
69,82,4.17,EC+B+,100,,,,
69,83,8,EC+B+,100,,,,
69,84,1.48,A,91,EC+B+,9,,
69,85,8.1,A,54,EC+B+,46,,
69,86,21.6,EC+B+,99.17,A,0.83,,
69,87,83.8,EC+B+,99.936,A,0.064,,
69,88,217.8,EC+B+,100,,,,
69,89,238.8,EC+B+,100,,,,
69,90,547.8,EC+B+,100,,,,
69,91,564,EC+B+,100,,,,
69,92,1812,EC+B+,100,,,,
69,93,1302,EC+B+,100,,,,
69,94,6516,EC+B+,100,,,,
69,95,117,EC+B+,100,B+,39,,
69,96,108216,EC+B+,100,,,,
69,97,27720,EC+B+,100,,,,
69,98,799200,EC,100,,,,
69,99,8043840,EC+B+,99.99,B-,0.01,,
69,100,,,,,,,
69,101,11111040,B-,99.869,EC,0.131,,
69,102,60589297.87,B-,100,,,,
69,103,228960,B-,100,,,,
69,104,29664,B-,100,,,,
69,105,324,B-,100,,,,
69,106,912,B-,100,,,,
69,107,111,B-,100,,,,
69,108,95,B-,100,,,,
69,109,0.0000003,B-,,,,,
69,110,0.00000016,B-,,,,,
69,111,0.0000003,B-,100,,,,
69,112,0.00000016,B-,,B-N,,,
70,79,0.7,EC+B+,100,ECP,0,,
70,80,0.0000002,,,,,,
70,81,1.6,EC+B+,100,ECP,0,,
70,82,3.03,EC+B+,100,B+P,,,
70,83,4.2,EC+B+,90,A,10,B+P,0.008
70,84,0.409,A,92.6,EC+B+,7.4,,
70,85,1.793,A,89,EC+B+,11,,
70,86,26.1,EC+B+,90,A,10,,
70,87,38.6,EC+B+,99.5,A,0.5,,
70,88,89.4,EC+B+,100,A,0.0021,,
70,89,100.2,EC+B+,100,,,,
70,90,288,EC+B+,100,,,,
70,91,252,EC+B+,100,,,,
70,92,1132.2,EC+B+,100,,,,
70,93,663,EC+B+,100,,,,
70,94,4548,EC,100,,,,
70,95,594,EC+B+,100,,,,
70,96,204120,EC,100,,,,
70,97,1050,EC+B+,100,,,,
70,98,,,,,,,
70,99,2766355.2,EC,100,,,,
70,100,,,,,,,
70,101,,,,,,,
70,102,,,,,,,
70,103,,,,,,,
70,104,,,,,,,
70,105,361584,B-,100,,,,
70,106,,,,,,,
70,107,6879.6,B-,100,,,,
70,108,4440,B-,100,,,,
70,109,480,B-,100,,,,
70,110,144,B-,100,,,,
70,111,0.00000016,B-,,,,,
70,112,0.00000016,B-,,,,,
70,113,0.000000222,B-,100,,,,
70,114,0.00000016,B-,,,,,
70,115,0.00000016,B-,,,,,
71,78,0.00000045,P,100,,,,
71,79,0.045,P,70.9,EC+B+,29.1,,
71,80,0.0806,P,63.4,EC+B+,36.6,,
71,81,0.7,EC+B+,100,B+P,15,,
71,82,0.9,A,,EC+B+,,,
71,83,,,,,,,
71,84,0.068,A,90,EC+B+,10,,
71,85,0.494,A,95,EC+B+,5,,
71,86,6.8,A,0,,,,
71,87,10.6,EC+B+,99.09,A,0.91,,
71,88,12.1,EC+B+,100,A,0.1,,
71,89,36.1,EC+B+,100,A,0.0001,,
71,90,77,EC+B+,100,,,,
71,91,82.2,EC+B+,100,,,,
71,92,238.2,EC+B+,100,,,,
71,93,188.4,EC+B+,100,,,,
71,94,644.4,EC+B+,100,,,,
71,95,159,EC+B+,100,,,,
71,96,3090,EC+B+,100,,,,
71,97,330,EC+B+,100,,,,
71,98,122616,EC+B+,100,,,,
71,99,173836.8,EC+B+,100,,,,
71,100,712540.8,EC+B+,100,,,,
71,101,578880,EC+B+,100,,,,
71,102,43232988.59,EC,100,,,,
71,103,104453425,EC+B+,100,,,,
71,104,,,,,,,
71,105,1.19E+18,B-,100,,,,
71,106,574067.52,B-,100,,,,
71,107,1704,B-,100,,,,
71,108,16524,B-,100,,,,
71,109,342,B-,100,,,,
71,110,210,B-,100,,,,
71,111,120,B-,100,,,,
71,112,58,B-,100,,,,
71,113,19,B-,100,,,,
71,114,0.00000016,B-,,,,,
71,115,,B-,100,,,,
71,116,,B-,100,B-N,,,
71,117,,B-,100,,,,
72,79,,,,,,,
72,81,,,,,,,
72,82,2,EC+B+,100,A,0,,
72,83,0.843,EC+B+,100,,,,
72,84,0.023,A,100,,,,
72,85,0.115,A,94,EC+B+,14,,
72,86,2.85,EC+B+,55.7,A,44.3,,
72,87,5.6,EC+B+,65,A,35,,
72,88,13.6,EC+B+,99.3,A,0.7,,
72,89,18.4,EC+B+,99.87,A,0.13,,
72,90,39.4,EC+B+,99.992,A,0.008,,
72,91,40,EC+B+,100,A,0.0001,,
72,92,111,EC+B+,100,,,,
72,93,76,EC+B+,100,,,,
72,94,406.2,EC+B+,100,,,,
72,95,123,EC+B+,100,,,,
72,96,1557,EC+B+,100,,,,
72,97,194.4,EC+B+,100,,,,
72,98,57636,EC,100,,,,
72,99,43560,EC+B+,100,,,,
72,100,59011451.57,EC,100,,,,
72,101,84960,EC+B+,100,,,,
72,102,6.31E+22,A,100,,,,
72,103,6048000,EC,100,,,,
72,104,,,,,,,
72,105,,,,,,,
72,106,,,,,,,
72,107,,,,,,,
72,108,,,,,,,
72,109,3662496,B-,100,,,,
72,110,2.81E+14,B-,100,,,,
72,111,3664.8,IT,100,B-,100,,
72,112,14832,B-,100,,,,
72,113,210,B-,100,,,,
72,114,156,B-,100,,,,
72,115,,B-,100,,,,
72,116,,B-,100,,,,
72,117,,B-,100,,,,
72,118,,B-,100,,,,
73,82,0.0029,P,100,,,,
73,83,0.106,P,71,EC+B+,29,,
73,84,0.0101,A,96.6,P,3.4,,
73,85,0.055,A,91,EC+B+,9,,
73,86,0.83,EC+B+,66,A,34,,
73,87,1.55,A,34,,,,
73,88,,A,,EC+B+,,,
73,89,3.57,EC+B+,99.926,A,0.074,ECP,
73,90,10.6,EC+B+,99.8,A,0.2,,
73,91,14.2,EC+B+,100,A,,,
73,92,31,EC+B+,100,,,,
73,93,34.4,EC+B+,100,,,,
73,94,80,EC+B+,100,,,,
73,95,120,EC+B+,100,,,,
73,96,294,EC+B+,100,,,,
73,97,405.6,EC+B+,100,,,,
73,98,1398,EC+B+,100,,,,
73,99,2208,EC+B+,100,,,,
73,100,11304,EC+B+,100,,,,
73,101,4104,EC+B+,100,,,,
73,102,37800,EC+B+,100,,,,
73,103,29124,EC+B+,100,,,,
73,104,202896,EC+B+,100,,,,
73,105,8496,EC+B+,100,,,,
73,106,57433605.27,EC,100,,,,
73,107,29354.4,EC,85,B-,15,,
73,108,,,,,,,
73,109,9913536,B-,100,,,,
73,110,440640,B-,100,,,,
73,111,31320,B-,100,,,,
73,112,2964,B-,100,,,,
73,113,623.4,B-,100,,,,
73,114,283,B-,100,,,,
73,115,19.6,B-,100,,,,
73,116,,B-,100,,,,
73,117,5.3,B-,100,,,,
73,118,0.0000003,B-,,,,,
73,119,2.2,B-,100,,,,
73,120,,B-,100,B-N,,,
73,121,,B-,100,B-N,,,
74,83,0.275,EC,,,,,
74,84,0.00125,A,100,,,,
74,85,0.0073,A,99.9,EC+B+,0.1,,
74,86,0.091,A,87,EC+B+,13,,
74,87,0.409,A,73,EC+B+,27,,
74,88,1.19,EC+B+,54.8,A,45.2,,
74,89,2.67,EC+B+,86,A,14,,
74,90,6.3,EC+B+,96.2,A,3.8,,
74,91,5.1,EC+B+,99.8,A,0.2,,
74,92,19.2,EC+B+,99.965,A,0.035,,
74,93,19.9,EC+B+,99.96,A,0.04,,
74,94,50.9,EC+B+,100,A,0.0032,,
74,95,74,EC+B+,100,,,,
74,96,145.2,EC+B+,100,,,,
74,97,142.8,EC+B+,100,,,,
74,98,396,EC+B+,100,,,,
74,99,456,EC+B+,100,,,,
74,100,1992,EC+B+,100,,,,
74,101,2112,EC+B+,100,,,,
74,102,9000,EC,100,,,,
74,103,7944,EC+B+,100,,,,
74,104,1866240,EC,100,,,,
74,105,2223,EC+B+,100,,,,
74,106,5.68E+25,A,100,,,,
74,107,10471680,EC,100,,,,
74,108,,,,,,,
74,109,2.11E+28,A,,,,,
74,110,,,,,,,
74,111,6488640,B-,100,,,,
74,112,,,,,,,
74,113,85680,B-,100,,,,
74,114,6028992,B-,100,,,,
74,115,696,B-,100,,,,
74,116,1800,B-,100,,,,
74,117,,,,,,,
74,118,,B-,100,,,,
74,119,,B-,100,,,,
74,120,,B-,100,,,,
74,121,0.00000016,B-,,,,,
74,122,0.00000016,B-,,,,,
74,123,0.00000016,B-,,,,,
75,84,,,,,,,
75,85,0.000612,P,89,A,11,,
75,86,0.00044,P,100,A,1.4,,
75,87,0.107,A,94,EC+B+,6,,
75,88,0.39,EC+B+,68,A,32,,
75,89,0.7,A,58,EC+B+,42,,
75,90,1.6,EC+B+,86,A,14,,
75,91,2.25,EC+B+,76,A,24,,
75,92,5.9,EC+B+,99,A,1,,
75,93,4.4,EC+B+,100,A,0.005,,
75,94,8.1,EC+B+,100,A,0.01,,
75,95,9.2,EC+B+,100,,,,
75,96,15.2,EC+B+,100,,,,
75,97,15,EC+B+,100,,,,
75,98,118.8,EC+B+,100,,,,
75,99,144,EC+B+,100,,,,
75,100,353.4,EC+B+,100,,,,
75,101,318,EC+B+,100,,,,
75,102,840,EC+B+,100,,,,
75,103,792,EC+B+,100,,,,
75,104,1170,EC+B+,100,,,,
75,105,147.6,EC+B+,100,,,,
75,106,71640,EC+B+,100,,,,
75,107,231120,EC+B+,100,,,,
75,108,6048000,EC,100,,,,
75,109,3058560,EC+B+,100,,,,
75,110,,,,,,,
75,111,321278.4,B-,92.5,EC,7.5,,
75,112,1.37E+18,B-,100,A,0.0001,,
75,113,61218,B-,100,,,,
75,114,87480,B-,100,,,,
75,115,180,B-,100,,,,
75,116,588,B-,100,,,,
75,117,16,B-,100,,,,
75,118,,,,,,,
75,119,5,B-,100,,,,
75,120,6,B-,100,,,,
75,121,3,B-,100,,,,
75,122,0.00000016,B-,,,,,
75,123,0.00000016,B-,,B-N,,,
75,124,0.00000016,B-,,B-N,,,
76,85,0.00064,A,100,,,,
76,86,0.0021,A,99,,,,
76,87,0.0055,A,100,EC+B+,,,
76,88,0.021,A,96,EC+B+,4,,
76,89,0.071,A,90,EC+B+,10,,
76,90,0.213,A,72,EC+B+,28,,
76,91,0.81,A,57,EC+B+,43,,
76,92,2.1,EC+B+,57,A,43,,
76,93,3.43,EC+B+,86.3,A,13.7,,
76,94,7.37,EC+B+,90.5,A,9.5,,
76,95,8.3,EC+B+,98.2,A,1.8,,
76,96,19.2,EC+B+,99.8,A,0.2,,
76,97,22.4,EC+B+,99.6,A,0.4,,
76,98,44,EC,100,A,0.02,,
76,99,84,EC+B+,100,,,,
76,100,216,EC+B+,100,,,,
76,101,180,EC+B+,100,,,,
76,102,300,EC+B+,100,A,0,,
76,103,390,EC+B+,100,,,,
76,104,1290,EC+B+,100,,,,
76,105,6300,EC+B+,100,,,,
76,106,78624,EC,100,,,,
76,107,46800,EC+B+,100,,,,
76,108,1.77E+21,2B+,,A,,,
76,109,8087040,EC,100,,,,
76,110,6.31E+22,A,100,,,,
76,111,,,,,,,
76,112,,,,,,,
76,113,,,,,,,
76,114,,,,,,,
76,115,1330560,B-,100,,,,
76,116,,,,,,,
76,117,107388,B-,100,,,,
76,118,189341555.8,B-,100,,,,
76,119,390,B-,,,,,
76,120,2094,B-,100,,,,
76,121,168,B-,100,,,,
76,122,,B-,100,,,,
76,123,5,B-,100,,,,
76,124,6,B-,100,,,,
76,125,,B-,100,,,,
76,126,0.00000016,B-,,,,,
76,127,,B-,100,B-N,,,
77,87,,EC+B+,,A,,P,
77,88,0.000001,P,,A,,,
77,89,0.0105,A,93,P,7,,
77,90,0.0352,A,48,P,32,EC+B+,20
77,91,0.222,A,100,EC+B+,,P,
77,92,0.353,A,45,EC+B+,,P,
77,93,0.87,EC+B+,94.8,A,5.2,,
77,94,3.2,EC+B+,85,A,15,,
77,95,4.4,EC+B+,98,A,2,,
77,96,9,EC+B+,93,A,7,,
77,97,7.9,EC,99.5,A,0.5,,
77,98,9,EC+B+,99.15,A,0.85,,
77,99,8.7,EC+B+,96.9,A,3.1,,
77,100,29.8,EC+B+,99.94,A,0.06,,
77,101,12,EC+B+,100,,,,
77,102,79,EC+B+,100,,,,
77,103,90,EC+B+,100,,,,
77,104,294,EC+B+,100,,,,
77,105,900,EC+B+,100,,,,
77,106,3480,EC+B+,100,,,,
77,107,11124,EC+B+,100,,,,
77,108,51840,EC+B+,100,,,,
77,109,59904,EC+B+,100,,,,
77,110,37800,EC+B+,100,,,,
77,111,149400,EC+B+,100,,,,
77,112,1140480,EC,100,,,,
77,113,1017792,EC+B+,100,B+,0.002,,
77,114,,,,,,,
77,115,6378825.6,B-,95.24,EC,4.76,,
77,116,,,,,,,
77,117,69048,B-,100,,,,
77,118,8244,B-,100,,,,
77,119,52,B-,100,,,,
77,120,348,B-,100,,,,
77,121,8,B-,100,,,,
77,122,6,B-,,,,,
77,123,0.0000003,B-,,,,,
77,124,21,B-,100,,,,
77,125,11,B-,100,,,,
77,126,,B-,100,,,,
77,127,0.00000016,B-,,B-N,,,
77,128,,B-,100,B-N,,,
78,87,0.00026,A,100,,,,
78,88,0.0003,A,100,,,,
78,89,0.0007,A,100,,,,
78,90,0.00202,A,100,,,,
78,91,0.007,A,100,,,,
78,92,0.0138,A,98,EC+B+,2,,
78,93,0.0455,A,90,EC+B+,10,,
78,94,0.0976,A,94,EC+B+,6,,
78,95,0.382,A,86,EC+B+,16,,
78,96,0.889,A,76,EC+B+,24,,
78,97,2.53,A,64,EC+B+,36,,
78,98,6.33,EC+B+,60,A,40,,
78,99,10,EC+B+,94.3,A,5.7,,
78,100,20.7,EC+B+,92.3,A,7.7,,
78,101,21.2,EC+B+,99.76,A,0.24,,
78,102,56,EC+B+,99.7,A,0.3,,
78,103,52,EC+B+,100,A,0.08,,
78,104,160.2,EC+B+,99.962,A,0.038,,
78,105,390,EC+B+,100,A,0.0096,,
78,106,1038,EC+B+,100,A,0.001,,
78,107,4254,EC+B+,100,,,,
78,108,7560,EC+B+,100,A,0.00014,,
78,109,8460,EC+B+,100,,,,
78,110,877824,EC+B+,99.999974,A,0.000026,,
78,111,39132,EC+B+,100,,,,
78,112,1.57E+19,A,100,,,,
78,113,244512,EC,100,,,,
78,114,,,,,,,
78,115,1577846299,EC,100,,,,
78,116,,,,,,,
78,117,,,,,,,
78,118,,,,,,,
78,119,71609.4,B-,100,,,,
78,120,,2B-,,2B-,,,
78,121,1848,B-,100,,,,
78,122,45360,B-,100,,,,
78,123,147.6,B-,100,,,,
78,124,158400,B-,100,,,,
78,125,22,B-,100,,,,
78,126,10.3,B-,100,,,,
78,127,,B-,100,B-N,,,
78,128,0.00000016,B-,,B-N,,,
78,129,,B-,100,B-N,,,
78,130,,B-,100,B-N,,,
79,91,0.00029,P,89,A,11,,
79,92,0.000022,P,100,,,,
79,93,0.022,A,100,P,,EC+B+,
79,94,0.0263,A,94,P,,EC+B+,
79,95,0.12,A,0,,,,
79,96,,A,90,,,,
79,97,,,,,,,
79,98,1.501,EC+B+,60,A,40,,
79,99,2.6,EC+B+,60,A,40,,
79,100,7.1,EC+B+,78,A,22,,
79,101,8.4,EC+B+,98.2,A,1.8,,
79,102,13.7,EC+B+,97.3,A,2.7,,
79,103,15.5,EC+B+,99.87,A,0.13,,
79,104,42.8,EC+B+,99.45,A,0.55,,
79,105,20.6,EC+B+,100,A,0.016,,
79,106,255,EC+B+,99.74,A,0.26,,
79,107,642,EC+B+,100,A,0.0008,,
79,108,498,EC+B+,100,A,0.003,,
79,109,530.4,EC+B+,100,,,,
79,110,1722,EC+B+,100,A,0.00003,,
79,111,2568,EC+B+,100,A,0.000001,,
79,112,11448,EC+B+,100,,,,
79,113,17784,EC+B+,100,,,,
79,114,63540,EC+B+,100,,,,
79,115,136872,EC+B+,100,,,,
79,116,16071264,EC,100,,,,
79,117,532820.16,EC+B+,93,B-,7,,
79,118,,,,,,,
79,119,232770.24,B-,100,,,,
79,120,271209.6,B-,100,,,,
79,121,2904,B-,100,,,,
79,122,1560,B-,100,,,,
79,123,28.4,B-,100,,,,
79,124,60,B-,100,,,,
79,125,39.8,B-,100,,,,
79,126,32,B-,100,,,,
79,127,40,B-,100,,,,
79,128,0.0000003,B-,100,B-N,,,
79,129,,B-,100,B-N,,,
79,130,0.0000003,B-,100,,,,
79,131,0.0000003,B-,,B-N,,,
80,90,0.00008,A,100,,,,
80,91,0.000059,A,100,,,,
80,92,0.000231,A,100,,,,
80,93,0.0008,A,100,,,,
80,94,0.0021,A,99.6,,,,
80,95,0.0106,A,100,,,,
80,96,0.0203,A,94,,,,
80,97,0.117,A,100,,,,
80,98,0.2665,A,70,EC+B+,30,,
80,99,1.05,A,55,EC+B+,45,ECP,0.15
80,100,2.59,EC+B+,52,A,48,,
80,101,3.6,EC+B+,73,A,27,ECP,0.013
80,102,10.83,EC+B+,86.2,A,13.8,,
80,103,9.4,EC+B+,88.3,A,11.7,ECP,0.00026
80,104,30.87,EC+B+,98.89,A,1.11,,
80,105,49.1,EC+B+,94,A,6,,
80,106,82.8,EC+B+,99.984,A,0.016,,
80,107,114,EC+B+,100,A,0.00037,,
80,108,195,EC+B+,99.999963,A,0.000037,,
80,109,456,EC+B+,100,A,0.00003,,
80,110,1200,EC+B+,100,A,0.00000034,,
80,111,2940,EC+B+,100,,,,
80,112,17460,EC,100,,,,
80,113,13680,EC+B+,100,,,,
80,114,14105945911,EC,100,,,,
80,115,37908,EC+B+,100,,,,
80,116,,,,,,,
80,117,230904,EC,100,,,,
80,118,,,,,,,
80,119,,,,,,,
80,120,,,,,,,
80,121,,,,,,,
80,122,,,,,,,
80,123,4027104,B-,100,,,,
80,124,,,,,,,
80,125,308.4,B-,100,,,,
80,126,499.2,B-,100,,,,
80,127,174,B-,100,,,,
80,128,2460,B-,100,,,,
80,129,36,B-,100,,,,
80,130,,,,,,,
80,131,0.0000003,B-,,B-N,,,
80,132,,B-,100,B-N,,,
80,133,,B-,100,B-N,,,
80,134,,B-,100,B-N,,,
80,135,,B-,100,B-N,,,
80,136,0.0000003,B-,,B-N,,,
81,95,0.0052,P,100,,,,
81,96,0.018,A,73,P,27,,
81,97,0.254,A,53,EC+B+,47,,
81,98,0.23,A,100,EC+B+,,P,
81,99,1.09,EC+B+,94,A,6,ECSF,0.0032
81,100,3.2,A,10,,,,
81,101,3.1,EC+B+,97.5,A,5,,
81,102,6.9,EC+B+,0,A,,,
81,103,10.1,EC+B+,97.9,A,2.1,,
81,104,19.5,EC+B+,,,,,
81,105,3.4,A,,,,,
81,106,51,EC+B+,100,A,0.03,,
81,107,71,EC+B+,100,,,,
81,108,138,EC+B+,100,,,,
81,109,156,EC+B+,100,,,,
81,110,,,,,,,
81,111,576,EC+B+,100,,,,
81,112,1296,EC+B+,100,,,,
81,113,1980,EC+B+,100,A,0.0000001,,
81,114,4176,EC+B+,100,,,,
81,115,6624,EC+B+,100,,,,
81,116,10224,EC+B+,100,,,,
81,117,19080,EC+B+,100,,,,
81,118,26712,EC+B+,100,,,,
81,119,93960,EC+B+,100,,,,
81,120,262828.8,EC,100,,,,
81,121,1063584,EC+B+,100,,,,
81,122,,,,,,,
81,123,119379851,B-,97.08,EC+B+,2.92,,
81,124,,,,,,,
81,125,252.12,B-,100,,,,
81,126,286.2,B-,100,,,,
81,127,183.18,B-,100,,,,
81,128,129.72,B-,100,,,,
81,129,78,B-,100,B-N,0.007,,
81,130,88,B-,100,B-N,,,
81,131,30.9,B-,100,B-N,1.8,,
81,132,23.8,B-,100,B-N,7.6,,
81,133,11,B-,100,B-N,34,,
81,134,9.7,B-,100,B-N,4.6,,
81,135,0.0000003,B-,,B-N,,,
81,136,,B-,100,B-N,,,
82,96,0.00012,A,100,,,,
82,97,0.0035,A,100,,,,
82,98,0.0041,A,100,,,,
82,99,0.045,A,100,,,,
82,100,0.055,A,98,EC+B+,2,,
82,101,0.535,A,90,,,,
82,102,0.49,A,80,EC+B+,20,,
82,103,6.3,A,34,EC+B+,,,
82,104,4.81,EC+B+,60,A,40,,
82,105,15.2,EC+B+,90.5,A,9.5,,
82,106,25.5,EC+B+,91.5,A,8.5,,
82,107,39,EC+B+,100,A,0.4,,
82,108,71,EC+B+,99.6,A,0.4,,
82,109,79.8,EC+B+,99.987,A,0.013,,
82,110,210,EC+B+,99.9941,A,0.0059,,
82,111,,EC+B+,,,,,
82,112,642,EC+B+,100,A,0.0000073,,
82,113,900,EC+B+,100,,,,
82,114,2220,EC+B+,100,A,0.00003,,
82,115,486,EC+B+,100,,,,
82,116,8640,EC+B+,100,,,,
82,117,5400,EC+B+,100,,,,
82,118,77400,EC,100,,,,
82,119,33588,EC+B+,100,,,,
82,120,1.66E+12,EC,100,A,1,,
82,121,186912,EC,100,,,,
82,122,4.42E+24,A,,,,,
82,123,5.36E+14,EC,100,,,,
82,124,,,,,,,
82,125,,,,,,,
82,126,,,,,,,
82,127,11642.4,B-,100,,,,
82,128,700563756.6,B-,100,A,0.0000019,,
82,129,2166,B-,100,,,,
82,130,38239.2,B-,100,,,,
82,131,612,B-,100,,,,
82,132,1623.6,B-,100,,,,
82,133,147,B-,100,,,,
82,134,0.0000003,B-,,,,,
82,135,19.9,B-,100,,,,
82,136,15,B-,100,,,,
82,137,,B-,100,,,,
82,138,0.0000003,B-,,,,,
83,101,0.013,A,100,,,,
83,102,0.000058,P,90,A,10,,
83,103,0.0148,A,95.5,EC+B+,4.5,SF+EC+B+,0.02
83,104,0.037,A,100,,,,
83,105,0.06,A,100,,,,
83,106,0.688,A,100,,,,
83,107,6.3,A,90,EC+B+,10,SF+EC+B+,0.000023
83,108,12.4,A,51,EC+B+,49,,
83,109,34.6,EC+B+,88,A,12,,
83,110,63.6,EC+B+,96.5,A,3.5,,
83,111,95,EC+B+,99.54,A,0.46,,
83,112,183,EC+B+,99.97,A,0.03,,
83,113,308,EC+B+,100,A,0.00115,,
83,114,559.8,EC+B+,100,A,0.0001,,
83,115,618,EC+B+,100,,,,
83,116,1620,EC+B+,100,,,,
83,117,2184,EC+B+,100,,,,
83,118,6180,EC+B+,100,,,,
83,119,6156,EC+B+,100,,,,
83,120,42336,EC+B+,100,,,,
83,121,40392,EC+B+,100,,,,
83,122,1288224,EC+B+,100,,,,
83,123,539395.2,EC+B+,100,,,,
83,124,995621014.5,EC+B+,100,,,,
83,125,1.16E+13,EC+B+,100,,,,
83,126,6.34E+26,A,100,,,,
83,127,433036.8,B-,100,A,0.000132,,
83,128,128.4,A,99.724,B-,0.276,,
83,129,3633,B-,64.06,A,35.94,,
83,130,2735.4,B-,97.86,A,2.14,,
83,131,1182.6,B-,99.979,A,0.021,B-A,0.003
83,132,456,B-,100,,,,
83,133,135,B-,100,,,,
83,134,98.5,B-,100,,,,
83,135,33,B-,100,,,,
83,136,22,B-,100,,,,
83,137,0.0000003,B-,,,,,
83,138,0.0000003,B-N,,B-,,,
83,139,0.0000003,B-N,,B-,,,
83,140,0.0000003,B-N,,B-,,,
83,141,,B-,100,B-N,,,
84,102,0.000028,A,100,,,,
84,103,0.0014,A,100,,,,
84,104,0.00027,A,100,,,,
84,105,0.0035,A,100,,,,
84,106,0.00245,A,100,,,,
84,107,0.022,A,99,,,,
84,108,0.0322,A,99.5,EC+B+,0.5,,
84,109,0.399,A,100,,,,
84,110,0.392,A,93,EC+B+,7,,
84,111,4.64,A,94,EC+B+,6,,
84,112,5.8,A,98,EC+B+,2,,
84,113,84,EC+B+,56,A,44,,
84,114,105.6,A,57,EC+B+,43,,
84,115,328.2,EC+B+,92.5,A,7.5,,
84,116,690.6,EC+B+,88.9,A,11.1,,
84,117,930,EC+B+,98.87,A,1.13,,
84,118,2676,EC+B+,98.08,A,1.92,,
84,119,2202,EC+B+,99.89,A,0.11,,
84,120,12668.4,EC+B+,99.33,A,0.67,,
84,121,6264,EC+B+,99.96,A,0.04,,
84,122,760320,EC+B+,94.55,A,5.45,,
84,123,20880,EC+B+,99.979,A,0.021,,
84,124,91451971.47,A,99.996,EC+B+,0.004,,
84,125,3913058821,A,99.546,EC+B+,0.454,,
84,126,11955686.4,A,100,,,,
84,127,0.516,A,100,,,,
84,128,2.94E-07,A,100,,,,
84,129,0.000003706,A,100,,,,
84,130,0.00016346,A,100,,,,
84,131,0.001781,A,99.99977,B-,0.00023,,
84,132,0.145,A,100,,,,
84,133,1.53,A,95,B-,5,,
84,134,185.82,A,99.98,B-,0.02,,
84,135,620,B-,71.8,A,28.2,,
84,136,0.0000003,B-,,,,,
84,137,112,B-,100,,,,
84,138,550,,,,,,
84,139,0.0000003,B-,,,,,
84,140,,B-,100,,,,
84,141,0.0000003,B-,,,,,
84,142,0.0000003,B-,,,,,
84,143,0.0000003,B-,,,,,
85,106,0.0017,A,100,,,,
85,107,0.088,A,100,,,,
85,108,0.028,A,100,,,,
85,109,0.286,A,100,SF+EC+B+,0.8,EC+B+,
85,110,0.29,A,100,,,,
85,111,0.388,A,95.1,EC+B+,4.9,,
85,112,0.388,A,96.1,EC+B+,3.9,,
85,113,4.2,A,90,EC+B+,10,,
85,114,7.03,A,90,EC+B+,10,,
85,115,43,A,52,EC+B+,48,,
85,116,87.6,A,71,EC+B+,29,,
85,117,184,EC+B+,63,A,37,,
85,118,444,EC+B+,69,A,31,,
85,119,547.2,EC+B+,96.09,A,3.91,,
85,120,1614,EC+B+,90,A,10,,
85,121,1836,EC+B+,99.1,A,0.9,,
85,122,6516,EC+B+,91.4,A,8.6,,
85,123,5868,EC+B+,99.45,A,0.55,,
85,124,19512,EC+B+,95.9,A,4.1,,
85,125,29160,EC+B+,99.825,A,0.175,,
85,126,25970.4,EC,58.2,A,41.8,,
85,127,0.314,A,100,,,,
85,128,0.000000125,A,100,,,,
85,129,0.000000558,A,100,,,,
85,130,0.0001,A,100,,,,
85,131,0.0003,A,100,B-,0.006,EC,0.0000003
85,132,0.0326,A,99.993,B-,0.007,,
85,133,1.28,A,99.95,B-,0.05,,
85,134,56,A,93.6,B-,6.4,,
85,135,222.6,B-,92,A,8,,
85,136,138,B-,100,,,,
85,137,54,B-,100,,,,
85,138,50,B-,100,,,,
85,139,78,B-,,,,,
85,140,0.0000003,B-,,,,,
85,141,0.0000003,B-,,,,,
85,142,0.0000003,B-,,B-N,,,
85,143,0.0000003,B-,,,,,
85,144,0.0000003,B-N,,B-,,,
86,107,0.00115,A,100,,,,
86,108,0.00078,A,100,,,,
86,109,0.006,A,100,,,,
86,110,0.0044,A,99.9,EC+B+,0.06,,
86,111,0.065,A,100,,,,
86,112,0.065,EC+B+,,A,,,
86,113,0.59,A,94,EC+B+,6,,
86,114,1.03,A,86,EC+B+,14,,
86,115,7,EC+B+,,A,,,
86,116,9.7,A,78,EC+B+,22,,
86,117,44.2,A,66,EC+B+,34,,
86,118,74.5,A,72.4,EC+B+,27.6,,
86,119,170,EC+B+,75.4,A,24.6,,
86,120,340.2,A,62,EC+B+,38,,
86,121,555,EC+B+,79,A,21,,
86,122,1461,A,62,EC+B+,38,,
86,123,1728,EC+B+,83,A,17,,
86,124,8640,A,96,EC+B+,4,,
86,125,52560,EC,72.6,A,27.4,,
86,126,1434,A,100,,,,
86,127,0.0194,A,100,,,,
86,128,0.000000259,A,100,,,,
86,129,0.0000023,A,100,,,,
86,130,0.000045,A,100,,,,
86,131,0.00054,A,100,,,,
86,132,0.03375,A,100,,,,
86,133,3.96,A,100,,,,
86,134,55.6,A,100,,,,
86,135,1500,B-,78,A,22,,
86,136,330350.4,A,100,,,,
86,137,1458,B-,100,,,,
86,138,6420,B-,100,,,,
86,139,279.6,B-,100,,,,
86,140,444,B-,100,,,,
86,141,20.2,B-,100,,,,
86,142,65,B-,100,,,,
86,143,12,B-,100,,,,
86,144,,,,,,,
86,145,,B-,100,,,,
87,110,0.0006,A,100,,,,
87,111,0.015,A,100,,,,
87,112,0.012,A,0,EC+B+,,,
87,113,0.049,A,100,,,,
87,114,0.063,A,100,,,,
87,115,0.3,A,100,,,,
87,116,0.55,A,100,,,,
87,117,1.8,A,92,EC+B+,8,,
87,118,3.9,A,98.5,EC+B+,1.5,,
87,119,16,A,84,EC,16,,
87,120,14.8,A,95,EC+B+,5,,
87,121,59.1,A,89,EC+B+,11,,
87,122,50.5,A,89,EC+B+,11,,
87,123,190.8,A,60,EC+B+,40,,
87,124,186,A,80,EC,20,,
87,125,1200,EC+B+,57,A,43,,
87,126,34.17,A,99.44,EC+B+,0.56,,
87,127,0.0055,A,100,,,,
87,128,0.000000086,A,100,,,,
87,129,0.0000007,A,100,EC,0.0000002,,
87,130,0.000022,A,100,,,,
87,131,0.0011,A,100,,,,
87,132,0.024,A,100,,,,
87,133,27.4,A,99.65,B-,0.35,,
87,134,294,A,100,B-,0.1,,
87,135,852,B-,100,,,,
87,136,1320,B-,99.994,A,0.006,,
87,137,199.8,B-,100,,,,
87,138,237,B-,100,,,,
87,139,49,B-,100,,,,
87,140,148.2,B-,100,,,,
87,141,38,B-,100,,,,
87,142,50.2,B-,100,,,,
87,143,19.1,B-,100,,,,
87,144,17.6,B-,100,,,,
87,145,5.5,B-,100,,,,
87,146,0.9,B-,100,B-N,,,
88,113,0.008,A,100,,,,
88,114,0.016,A,100,,,,
88,115,0.031,A,100,,,,
88,116,0.057,A,100,,,,
88,117,0.21,A,100,,,,
88,118,0.24,A,100,,,,
88,119,1.35,A,86,EC+B+,14,,
88,120,1.3,A,95,EC+B+,5,,
88,121,4.8,A,100,,,,
88,122,3.7,A,96,EC+B+,4,,
88,123,13,A,93,EC+B+,7,,
88,124,13,A,85,EC+B+,15,,
88,125,163.8,A,86,EC+B+,14,,
88,126,2.438,A,99.941,EC,0.059,,
88,127,0.00166,A,100,,,,
88,128,0.000000182,A,100,EC,0.00000001,,
88,129,0.0000016,A,100,,,,
88,130,0.00002591,A,100,,,,
88,131,0.009,A,100,,,,
88,132,0.018,A,100,,,,
88,133,28,A,100,,,,
88,134,38,A,100,14C,0.00000003,,
88,135,987552,A,100,14C,0.000000089,14C,0.000000077
88,136,313770.24,A,100,14C,0.000000004,,
88,137,1287360,B-,100,A,0.026,,
88,138,50491081559,A,100,14C,3.20E-09,,
88,139,2532,B-,100,,,,
88,140,181452324.4,B-,100,,,,
88,141,240,B-,100,A,100,,
88,142,5580,B-,100,,,,
88,143,103.9,B-,100,,,,
88,144,252,B-,100,,,,
88,145,30,B-,100,,,,
88,146,30,B-,100,,,,
89,116,0.02,A,100,,,,
89,117,0.022,A,100,,,,
89,118,0.027,A,100,,,,
89,119,0.095,A,99,EC,1,,
89,120,0.087,A,100,,,,
89,121,0.35,A,100,EC+B+,,,
89,122,0.21,A,100,EC+B+,0.2,,
89,123,0.88,A,95,EC+B+,5,,
89,124,0.738,A,100,,,,
89,125,8.2,A,89,EC,11,,
89,126,0.17,A,99.91,EC+B+,0.09,,
89,127,0.00044,A,100,,,,
89,128,0.000000069,A,100,EC+B+,2,,
89,129,0.00000103,A,100,,,,
89,130,0.0000118,A,100,,,,
89,131,0.0264,A,100,EC,0.0005,,
89,132,0.052,A,100,,,,
89,133,5,A,99,EC+B+,1,,
89,134,126,A,99,EC,1,,
89,135,10008,EC,90.9,A,9.1,,
89,136,857088,A,100,14C,5.30E-10,,
89,137,105732,B-,83,EC,17,A,0.006
89,138,687057392.3,B-,98.62,A,1.38,,
89,139,22140,B-,100,,,,
89,140,3762,B-,100,,,,
89,141,122,B-,100,B-SF,0.0000012,,
89,142,450,B-,100,,,,
89,143,119,B-,100,,,,
89,144,143,B-,100,,,,
89,145,44,B-,100,,,,
89,146,62,,,,,,
89,147,72,B-,100,,,,
90,117,0.01,A,100,,,,
90,118,0.0017,A,100,,,,
90,119,0.0025,A,100,,,,
90,120,0.016,A,100,EC+B+,,,
90,121,0.037,A,,EC+B+,,,
90,122,0.0317,A,100,,,,
90,123,0.146,A,100,,,,
90,124,0.087,A,100,,,,
90,125,1.2,A,100,,,,
90,126,0.026,A,100,EC+B+,0.01,,
90,127,0.000252,A,100,,,,
90,128,0.000000122,A,100,,,,
90,129,0.000001025,A,100,,,,
90,130,0.0000097,A,100,EC,0.0000002,,
90,131,0.00174,A,100,,,,
90,132,0.00224,A,100,,,,
90,133,0.6,A,100,,,,
90,134,1.04,A,100,,,,
90,135,525,A,90,EC,10,,
90,136,1834.2,A,100,,,,
90,137,1615420.8,A,100,,,,
90,138,60324219.69,A,100,,,,
90,139,2.49E+11,A,100,,,,
90,140,2.38E+12,A,100,24NE,5.80E-11,SF,4.00E-12
90,141,92052,B-,100,,,,
90,142,4.42E+17,A,100,SF,1.10E-09,,
90,143,1309.8,B-,100,,,,
90,144,2082240,B-,100,,,,
90,145,432,B-,100,,,,
90,146,2250,B-,100,,,,
90,147,288,B-,100,,,,
90,148,564,B-,100,,,,
91,120,0.0000003,A,,EC+B+,,P,
91,121,0.0051,A,100,,,,
91,122,0.0053,A,100,,,,
91,123,0.017,A,100,,,,
91,124,0.014,A,100,,,,
91,125,0.15,A,98,EC,2,,
91,126,0.0038,A,100,,,,
91,127,0.000109,A,100,,,,
91,128,0.000000054,A,100,,,,
91,129,0.00000078,A,100,EC+B+,0.0000003,,
91,130,0.0000059,A,100,,,,
91,131,0.0029,A,100,,,,
91,132,0.0051,A,100,,,,
91,133,0.846,A,100,,,,
91,134,1.7,A,100,,,,
91,135,108,A,74,EC+B+,26,,
91,136,2298,A,85,EC,15,,
91,137,79200,EC+B+,98.15,A,1.85,,
91,138,129600,EC,99.52,A,0.48,,
91,139,1503360,EC+B+,92.2,B-,7.8,A,0.0032
91,140,1.03E+12,A,100,SF,3.00E-10,,
91,141,114048,B-,100,EC,,,
91,142,2330640,B-,100,,,,
91,143,24120,B-,100,,,,
91,144,1464,B-,100,,,,
91,145,546,B-,100,,,,
91,146,522,B-,100,,,,
91,147,136.8,B-,100,,,,
91,148,6480,B-,100,,,,
92,122,0.00052,A,100,,,,
92,123,0.0007,A,0,EC+B+,,,
92,124,0.0045,A,100,,,,
92,125,0.016,A,100,EC+B+,,,
92,126,0.00065,A,100,,,,
92,127,0.00006,A,100,,,,
92,129,0.00000066,A,100,,,,
92,130,0.0000047,A,100,,,,
92,131,0.000018,A,100,EC+B+,0.2,,
92,132,0.000396,A,100,,,,
92,133,0.069,A,100,,,,
92,134,0.268,A,100,,,,
92,135,66,A,100,,,,
92,136,546,A,95,EC,5,,
92,137,3480,EC,80,A,20,,
92,138,1747872,A,100,{+22}Ne,4.80E-12,,
92,139,362880,EC,100,A,0.004,,
92,140,2174272200,A,100,{+24}Ne,8.90E-10,SF,2.70E-12
92,141,5.02E+12,A,100,24NE,7.20E-11,SF,6.00E-11
92,142,7.75E+12,A,100,SF,1.64E-09,Mg,1.40E-11
92,143,2.22E+16,A,100,SF,0.000000007,{+25}Ne,8.00E-10
92,144,7.39E+14,A,100,SF,0.000000094,,
92,145,583372.8,B-,100,,,,
92,146,1.41E+17,A,100,SF,0.0000545,,
92,147,1407,B-,100,,,,
92,148,50760,B-,100,,,,
92,149,,B-,,,,,
92,150,1008,B-,100,,,,
92,151,,B-,,,,,
92,152,,B-,,,,,
92,153,,B-,,,,,
92,154,,B-,,,,,
92,155,,B-,,,,,
92,156,,B-,,,,,
92,157,,B-,,,,,
92,158,,B-,,,,,
92,159,,B-,,,,,
92,161,,B-,,B-N,,,
92,162,,B-,100,B-N,,,
92,163,,B-,,B-N,,,
93,126,0.00015,A,100,P,,,
93,127,0.000025,A,100,,,,
93,129,0.00000038,A,100,,,,
93,130,0.0000022,A,100,,,,
93,131,0.000038,A,100,,,,
93,132,0.0036,A,100,EC+B+,,,
93,133,0.035,A,100,,,,
93,134,0.51,A,100,,,,
93,135,61.4,EC,60,A,40,,
93,136,240,A,68,EC,32,,
93,137,276,EC+B+,97,A,3,,
93,138,2928,EC+B+,98,A,2,,
93,139,882,EC+B+,100,A,0.0002,,
93,140,2172,EC,100,A,0.0007,,
93,141,380160,EC+B+,100,,,,
93,142,34223040,EC,99.9974,A,0.0026,,
93,143,4.89E+12,EC,87.8,B-,12,A,0.16
93,144,6.77E+13,A,100,SF,2.00E-10,,
93,145,181353.6,B-,100,,,,
93,146,203558.4,B-,100,,,,
93,147,3714,B-,100,,,,
93,148,834,B-,100,,,,
93,149,132,B-,100,,,,
93,150,111,B-,100,,,,
93,151,137.4,B-,100,,,,
94,134,1.1,A,100,,,,
94,135,90,A,100,,,,
94,136,102,A,100,,,,
94,137,516,EC+B+,90,A,10,,
94,138,2028,EC,90,A,10,,
94,139,1254,EC+B+,99.88,A,0.12,,
94,140,31680,EC,94,A,6,,
94,141,1518,EC+B+,99.9972,A,0.0028,,
94,142,90189694.44,A,100,SF,0.00000019,,
94,143,3943296,EC,99.9958,A,0.0042,,
94,144,2767542408,A,100,SF,0.00000019,,
94,145,7.61E+11,A,100,SF,3.10E-10,,
94,146,2.07E+11,A,100,SF,0.0000057,{+34}Si,1.30E-11
94,147,452179192.3,B-,99.998,A,0.00247,SF,2.40E-14
94,148,1.18E+13,A,100,SF,0.000553,,
94,149,17841.6,B-,100,,,,
94,150,2.57E+15,A,99.877,SF,0.123,,
94,151,37800,B-,100,,,,
94,152,936576,B-,100,,,,
94,153,196128,B-,100,,,,
95,128,0.005,A,100,,,,
95,134,0.9,A,91,EC+B+,9,,
95,135,31,EC,100,SF,,,
95,137,79,EC,97,A,3,ECSF,0.069
95,138,192,EC+B+,95.5,A,4.5,,
95,139,139.2,EC,100,A,,,
95,140,618,EC,99.6,A,0.4,,
95,141,216,EC,100,A,0.004,,
95,142,4416,EC+B+,99.975,A,0.025,,
95,143,5880,EC+B+,100,A,0.0001,,
95,144,42840,EC,99.99,A,0.01,,
95,145,182880,EC,100,A,0.00019,,
95,146,13651526177,A,100,SF,3.60E-10,,
95,147,57636,B-,83,EC,17,A,0.0001
95,148,2.32E+11,A,100,SF,3.70E-09,,
95,149,36360,B-,100,,,,
95,150,7380,B-,100,,,,
95,151,2340,B-,100,,,,
95,152,1380,B-,100,,,,
95,153,,,,,,,
96,137,23,EC+B+,80,A,20,,
96,138,51,A,40,SF,40,EC+B+,20
96,139,,A,1.1,,,,
96,140,408,EC,82,A,18,,
96,141,,A,1,,,,
96,142,7920,EC,96.16,A,3.84,SF,0.048
96,143,9720,EC,100,A,0.001,,
96,144,2332800,A,99.5,EC,0.5,SF,0.0000039
96,145,2833920,EC,99,A,1,,
96,146,14072832,A,100,SF,0.0000062,34SI,1.00E-14
96,147,918306545.9,A,99.71,EC,0.29,SF,5.30E-09
96,148,571495929.4,A,100,SF,0.000137,,
96,149,2.66E+11,A,100,SF,0.00000061,,
96,150,1.49E+11,A,99.97385,SF,0.02615,,
96,151,4.92E+14,A,100,,,,
96,152,1.10E+13,A,91.61,SF,8.39,,
96,153,3849,B-,100,,,,
96,154,2.62E+11,SF,74,A,18,B-,8
96,155,1008,B-,100,,,,
97,136,21,EC+B+,,A,,,
97,137,140,A,80,EC,20,,
97,139,22,EC+B+,83,A,17,SF+EC+B+,4
97,141,144,EC+B+,100,SF+EC+B+,0.048,,
97,142,,EC,99,SF,1,A,1
97,143,288,ECSF,0.002,EC+B+,,,
97,144,276,A,,EC+B+,,,
97,145,420,EC+B+,99.5,A,0.5,,
97,146,16560,EC+B+,99.85,A,0.15,,
97,147,18072,EC,99.994,A,0.006,,
97,148,427680,EC,99.88,A,0.12,,
97,149,155520,EC+B+,100,,,,
97,150,43548557845,A,100,,,,
97,151,284012333.8,,,,,,
97,152,28512000,B-,99.99855,A,0.00145,SF,0.000000047
97,153,11563.2,B-,100,,,,
97,154,3336,B-,100,,,,
97,156,600,,,,,,
98,138,,,,,,,
98,139,2.1,A,70,SF,10,,
98,140,0.0211,SF,95,A,5,,
98,141,39,EC,,A,,,
98,142,57.6,A,98,SF,2,EC+B+,
98,143,226.8,EC+B+,75,A,25,,
98,144,210,A,61,EC+B+,39,SF,0.014
98,145,642,EC+B+,86,A,14,,
98,146,1164,A,100,,,,
98,147,2700,EC,64.7,A,35.3,,
98,148,128520,A,100,EC,0.004,SF,0.00024
98,149,11196,EC,99.965,A,0.035,,
98,150,28814400,A,99.9971,SF,0.0029,,
98,151,11076481017,A,100,SF,0.0000005,,
98,152,412764591.7,A,99.923,SF,0.077,,
98,153,28338119525,A,100,SF,,,
98,154,83531183.05,A,96.898,SF,3.102,,
98,155,1538784,B-,99.69,A,0.31,,
98,156,5227200,SF,99.69,A,0.31,,
98,157,5100,B-,100,,,,
98,158,738,SF,100,A,0.000001,,
99,141,6,A,70,EC+B+,30,ECSF,4.8
99,142,8,A,,EC+B+,,,
99,143,17.8,A,57,EC+B+,43,,
99,144,21,A,61,EC+B+,39,SF,1
99,145,37,EC,96,A,4,,
99,146,66,EC,60,A,40,,
99,147,450,EC+B+,90.1,A,9.9,,
99,148,,,,,,,
99,149,1440,EC,99.7,A,0.25,,
99,150,6132,EC+B+,99.43,A,0.57,,
99,151,30960,EC,97,A,3,,
99,152,118800,EC,99.5,A,0.5,,
99,153,40754880,A,78,EC,22,,
99,154,1768608,A,100,SF,0.0000087,,
99,155,23820480,A,100,B-,0.000174,SF,0.000003
99,156,3438720,B-,92,A,8,SF,0.0041
99,157,1524,B-,100,,,,
99,158,665280,B-,,SF,,,
100,141,0.00073,SF,78,A,14,EC,12
100,142,0.0008,SF,100,,,,
100,143,0.231,A,91,EC+B+,10,SF,9
100,144,0.00312,SF,97,EC,2,A,1
100,145,4.2,A,100,,,,
100,146,1.54,A,93.2,SF,6.8,EC,1.3
100,147,31,A,64,EC+B+,36,,
100,148,34.5,A,95,EC,5,SF,0.1
100,149,156,EC+B+,67,A,33,,
100,150,1800,A,90,EC,10,SF,0.0069
100,151,19080,EC+B+,98.2,A,1.8,,
100,152,91404,A,99.9977,SF,0.0023,,
100,153,259200,EC,88,A,12,,
100,154,11664,A,99.9408,SF,0.0592,,
100,155,72252,A,100,SF,0.000024,,
100,156,9426,SF,91.9,A,8.1,,
100,157,8683200,A,99.79,SF,0.21,,
100,158,0.00037,SF,100,,,,
100,159,1.5,SF,100,,,,
101,143,0.38,A,100,EC+B+,14,,
101,144,0.0009,A,,SF,,,
101,145,0.9,A,100,SF,,EC,
101,146,1.2,A,99.9,SF,0.1,,
101,147,7,EC,80,A,20,,
101,148,21.7,A,60,EC+B+,40,,
101,149,52,EC,93,A,7,,
101,150,240,EC+B+,90,A,10,,
101,151,138,EC,100,,,,
101,152,360,EC+B+,99.3,A,0.7,,
101,153,600,EC+B+,100,,,,
101,154,1620,EC,93,A,7,,
101,155,4662,EC,90.8,A,9.2,SF,3
101,156,19872,EC,85,A,15,SF,1
101,157,4449600,A,100,,,,
101,158,5760,SF,100,A,1.3,,
101,159,2747520,SF,42,A,25,EC,23
102,146,0.000002,,,,,,
102,147,0.0381,A,100,SF,0.23,ECP,
102,148,0.0000042,SF,100,A,2,,
102,149,0.8,A,91,SF,0.3,EC+B+,
102,150,2.46,A,65.3,SF,33,EC+B+,1.7
102,151,97.2,A,55,EC+B+,45,,
102,152,51.2,A,90,EC,10,SF,0.17
102,153,211.2,EC+B+,70,A,30,,
102,154,2.91,A,99.47,SF,0.53,,
102,155,24.5,A,85,EC,30,SF,1.5
102,156,0.0012,SF,100,,,,
102,157,3480,A,75,EC+B+,25,SF,10
102,158,0.106,SF,100,,,,
102,160,0.005,SF,100,,,,
103,149,0.33,EC+B+,60,A,40,SF,2
103,150,0.57,A,98.7,SF,1.3,,
103,151,18.1,A,71.7,EC+B+,28.3,SF,0.1
103,152,31.1,A,99.7,EC,0.3,SF,0.1
103,153,27.9,A,85,EC,15,SF,0.03
103,154,4,A,100,EC,15,SF,0.033
103,155,3.92,A,97.4,EC,2.6,,
103,156,6.2,A,78,SF,22,,
103,157,180,A,80,EC,40,,
103,158,2340,SF,,,,,
103,159,14400,SF,10,A,,EC+B+,
103,161,17640,SF,100,,,,
103,163,39600,SF,100,,,,
104,149,0.0099,SF,83,A,17,,
104,150,0.0000232,SF,100,A,1.5,,
104,151,1.68,SF,58,A,42,EC+B+,1
104,152,0.00667,SF,99.68,A,0.32,,
104,153,4.4,A,79.3,EC,19.4,SF,1.3
104,154,0.012,SF,95.1,A,4.9,,
104,155,2.4,A,92,EC,15,SF,8
104,156,0.021,SF,100,,,,
104,157,68,A,100,,,,
104,158,2.3,SF,100,,,,
104,159,600,A,30,SF,,,
104,161,60,SF,100,,,,
104,163,4680,SF,100,A,33.3,,
105,150,1.6,A,80,SF,20,,
105,151,1.6,A,70,EC,30,SF,
105,152,2.3,A,94,SF,6,,
105,153,4.3,A,77,EC+B+,23,,
105,154,0.51,A,,,,,
105,155,1.52,A,90.4,SF,9.6,EC,2.5
105,156,1.8,A,82,SF,18,,
105,157,35,A,67,,,,
105,158,27,SF,57,A,43,,
105,161,1440,SF,100,EC,,A,
105,162,4740,SF,100,A,25,,
105,163,100800,SF,100,EC+B+,,A,
105,165,54000,SF,100,A,,,
106,152,0.0025,SF,90,A,20,,
106,153,0.29,A,90,SF,20,EC,13
106,154,0.0036,A,50,SF,50,,
106,155,0.23,A,100,SF,1,,
106,156,0.0069,SF,78,A,22,,
106,157,1,A,70,SF,30,,
106,158,0.037,SF,100,A,36,,
106,159,14.4,SF,50,A,50,,
106,160,0.34,SF,100,A,18,,
106,161,84,SF,83,A,17,,
106,163,130,A,100,SF,15,,
106,165,96,A,50,SF,50,,
107,153,0.035,A,100,SF,18,EC,18
107,154,0.012,A,95,SF,10,,
107,155,0.102,A,100,,,,
107,156,,,,,,,
107,157,0.44,A,100,,,,
107,158,,,,,,,
107,159,2.1,A,100,SF,,,
107,160,14,A,100,SF,8,,
107,163,60,A,100,SF,,,
107,164,1.5,A,100,SF,25,,
107,165,10.5,A,100,,,,
107,167,44,A,100,SF,,,
107,171,1140,SF,100,A,50,,
108,155,,A,100,,,,
108,156,0.0008,A,50,SF,50,,
108,157,0.002,A,100,SF,1,,
108,158,0.00297,A,76,SF,24,,
108,159,0.043,A,100,,,,
108,160,0.4,A,100,,,,
108,161,13,A,100,SF,5,,
108,162,7.6,A,50,SF,50,,
108,163,,A,100,SF,15,,
108,165,0.51,A,100,SF,12.5,,
108,167,0.2,A,100,SF,20,,
108,169,0.003,SF,100,A,50,,
108,170,1140,SF,100,A,50,,
109,157,0.0021,A,75,SF,25,,
109,159,0.021,A,100,,,,
109,161,0.48,A,100,,,,
109,165,0.44,A,100,SF,,,
109,166,0.02,A,100,SF,25,,
109,167,0.69,A,100,,,,
109,168,0.004,SF,100,A,20,,
109,169,4.5,A,100,SF,,,
109,173,66,A,100,SF,50,,
110,157,0.000003,A,100,,,,
110,159,0.00018,A,100,SF,25,,
110,160,0.0002,A,100,SF,,,
110,161,0.0016,A,100,,,,
110,163,0.00019,A,100,SF,17,,
110,167,0.0035,A,100,SF,12.5,,
110,169,0.216,SF,88.5,A,12.5,,
110,170,0.007,SF,100,,,,
110,171,12,SF,94,A,6,,
110,172,66,A,100,SF,50,,
111,161,0.0038,A,100,,,,
111,163,0.012,A,100,,,,
111,167,0.0042,A,100,SF,,,
111,168,0.09,A,100,SF,25,,
111,169,4.4,A,100,,,,
111,170,15,SF,82,A,18,,
111,171,100,A,100,SF,,,
111,175,660,A,100,SF,54,,
112,165,0.00061,A,100,SF,17,,
112,169,0.18,A,100,SF,12.5,,
112,170,0.00096,SF,100,A,7,,
112,171,4.6,A,85,SF,15,,
112,172,0.108,SF,100,A,3,,
112,173,33,A,100,SF,6,,
112,174,660,A,100,SF,50,,
113,165,0.0014,A,100,,,,
113,169,0.07,A,100,SF,,,
113,170,0.07,A,100,SF,25,,
113,171,0.97,A,100,,,,
113,172,0.93,A,100,SF,5,,
113,173,9.5,A,100,SF,,,
113,177,2,A,100,SF,50,,
114,170,0.0025,SF,100,A,25,,
114,171,0.101,A,100,SF,12.5,,
114,172,0.166,A,60,SF,40,,
114,173,0.4,A,100,SF,5,,
114,174,0.64,A,100,SF,3,,
114,175,2.4,A,100,SF,6,,
114,176,19,EC+B+,100,SF,50,A,50
115,172,0.037,A,100,SF,25,,
115,173,0.17,A,100,,,,
115,174,0.296,A,100,SF,5,,
115,175,0.65,A,100,SF,,,
116,174,0.0083,A,100,SF,8,,
116,175,0.019,A,100,SF,20,,
116,176,0.0128,A,100,SF,9,,
116,177,0.095,A,100,SF,12.5,,
116,178,,,,,,,
117,176,0.021,A,100,SF,6,,
117,177,0.051,A,100,,,,
118,176,0.00058,A,100,SF,20,,